15,38,18,1,0
-5.29,0.65,19.9,1,1
6.4,2.46,11.91,1,1
43,4,144,2,2
35,12,163,2,2
26,38,16,1,0
-3,23,6,0,0
29.24,10.77,19.22,1,1
34,18,149,2,2
-4.38,9.17,0.93,0,0
4,4,4,0,0
0.53,2.0,0.3,0,0
15.43,27.04,14.09,1,0
22,22,19,1,0
-9,27,5,0,0
0,26,8,0,0
48,3,137,2,2
45,5,112,2,2
31.76,16.9,151.07,1,2
21.1,10.55,6.81,0,0
2.05,32.06,14.85,1,1
51,2,154,2,2
34.81,14.48,177.82,2,2
6,8,18,1,1
33.64,11.98,153.94,2,2
43,8,163,2,2
34.74,7.71,61.5,2,1
20.57,29.92,16.14,1,0
36,8,55,1,1
48.33,5.62,51.23,2,2
43.74,5.13,98.22,2,2
17,44,9,0,0
38.63,0.72,145.78,2,2
37.46,9.25,55.44,2,2
37,6,142,2,2
31,1,63,1,1
-4.43,12.86,17.94,1,0
31.57,17.9,23.14,2,1
14,13,7,0,0
39,8,33,2,2
34.82,9.21,33.54,2,2
32,11,84,2,1
44,7,109,2,2
46.87,8.01,50.52,2,2
15,21,1,0,0
1,40,11,1,1
39.28,8.62,175.78,2,2
20,16,12,1,0
4,13,13,1,0
2.32,0.29,15.6,1,1
32.7,2.68,130.35,1,1
2,3,13,1,0
25.73,38.28,17.88,1,0
42.63,6.29,41.56,2,2
33.91,10.31,79.41,1,2
21,14,8,0,0
20.27,16.24,5.79,0,0
24,19,6,0,0
14,9,3,0,0
34,20,165,2,1
13.06,29.5,9.67,0,0
19,34,20,1,0
12,43,8,0,0
29,18,17,1,1
20.51,15.99,3.12,0,0
0,6,18,1,0
35.73,7.92,100.88,1,1
-3,24,12,1,0
31.24,15.73,138.41,2,2
42,0,36,2,2
38,6,69,2,2
35.6,17.07,128.63,1,1
38.04,3.81,44.07,2,2
48,2,109,2,2
34.02,17.22,59.4,2,1
6.66,43.56,0.07,0,0
15,44,7,0,0
14,38,17,1,1
7,38,4,0,0
-1.91,30.74,10.13,1,1
30,1,121,2,1
34.22,5.21,70.29,2,1
36,5,76,2,2
49.96,4.18,104.25,2,2
40,5,62,2,2
32.62,18.83,85.51,2,1
31.13,2.65,159.86,1,2
-4,35,4,0,0
29,37,10,1,1
46,1,45,2,2
45.56,6.69,160.96,2,2
35.57,16.22,130.18,1,2
0,48,0,0,0
6.75,35.69,18.21,1,0
-4.24,24.97,3.18,0,0
50.63,1.57,92.36,2,2
3.43,21.59,0.03,0,0
-3,30,3,0,0
35.53,8.02,35.4,2,2
7,27,7,0,0
22.14,25.35,0.03,0,0
14,9,5,0,0
41,5,102,2,2
34.44,16.01,114.62,2,1
-2,22,13,1,0
23.7,13.16,18.13,1,1
11.47,45.32,3.94,0,0
35.89,10.22,61.44,1,1
36.52,1.38,67.48,2,2
40.15,5.71,115.12,2,2
36.39,1.55,71.96,2,2
2.21,15.11,6.79,0,0
4.86,32.77,10.79,1,0
48.28,4.82,85.42,2,2
-7,18,18,1,0
-10,28,8,0,0
-7,40,0,0,0
23.45,31.06,16.34,1,0
1,25,0,0,0
-3,29,5,0,0
-8,32,8,0,0
37.05,1.82,159.38,2,2
15,33,19,1,1
24,19,11,1,0
12.45,4.81,2.86,0,0
19,48,2,0,0
18,45,2,0,0
51,8,95,2,2
-10,32,18,1,1
35,16,24,1,1
0,24,13,1,1
33.11,5.62,160.68,2,1
42,8,52,2,2
33.38,12.26,120.57,1,1
32,17,71,2,1
36,17,49,1,2
30,11,154,1,2
21,33,19,1,1
37,6,177,2,2
36,20,57,1,2
3,30,8,0,0
26.33,37.83,17.18,1,1
15,16,3,0,0
42.07,8.78,98.06,2,2
35,11,100,1,1
17,27,15,1,0
11,13,11,1,0
15.6,37.59,12.1,1,0
36,8,153,2,1
31.61,6.21,139.25,2,2
0.65,45.92,4.84,0,0
35.5,1.98,57.78,1,2
43.05,3.76,62.01,2,2
32.21,14.32,119.23,1,2
41,3,32,2,2
48,7,171,2,2
-1.26,35.85,7.04,0,0
42,3,41,2,2
0.04,3.95,0.81,0,0
-0.02,33.34,10.04,1,0
8,32,0,0,0
19,34,12,1,0
34,2,129,1,2
34,8,62,1,2
49,3,89,2,2
2,18,14,1,0
-4.53,17.16,7.67,0,0
35.08,7.92,139.19,2,1
15,44,3,0,0
17,11,10,1,1
32.67,4.59,169.16,2,2
-8,35,6,0,0
14.36,49.35,1.98,0,0
45,4,137,2,2
13,15,3,0,0
50,9,179,2,2
36,6,35,2,2
40.21,7.48,89.65,2,2
42.51,9.73,139.77,2,2
26.53,39.11,11.82,1,0
37.59,5.6,59.17,2,2
4,8,12,1,0
20,38,15,1,1
2.5,8.1,8.56,0,0
11.07,46.39,5.5,0,0
25,22,7,0,0
9.82,39.26,15.64,1,0
37.99,5.85,66.24,2,2
2.05,37.44,0.91,0,0
-0.76,28.57,15.4,1,1
-9.31,14.91,2.51,0,0
6.07,36.05,12.19,1,0
44.41,8.96,37.73,2,2
13.08,37.65,6.8,0,0
43.53,7.21,74.53,2,2
34,5,80,2,1
47.2,9.69,121.57,2,2
33.3,3.68,166.69,1,1
36,9,120,2,2
-6,2,19,1,0
50.38,9.97,30.33,2,2
34,1,140,2,2
-4.67,41.07,0.37,0,0
-2,11,18,1,0
28,24,13,1,0
31.55,14.45,94.15,1,1
35.54,6.77,50.1,2,1
7,30,4,0,0
-3,38,7,0,0
50,9,178,2,2
-1.6,24.68,0.09,0,0
30,6,68,1,1
4,45,1,0,0
37,9,99,2,2
17,48,7,0,0
33,5,95,2,1
16.84,12.82,6.22,0,0
17.52,6.98,6.75,0,0
7,38,19,1,0
42.1,7.26,162.05,2,2
35,0,99,1,2
1.51,12.98,12.72,1,1
37.06,8.95,123.27,2,2
47,3,63,2,2
-8.75,16.15,4.53,0,0
23.19,0.21,0.87,0,0
37.41,8.76,35.63,2,2
34.36,19.97,47.65,2,1
8,10,13,1,1
1.43,4.02,11.78,1,0
43,5,139,2,2
-8,48,0,0,0
31,19,134,1,1
46.09,6.01,114.06,2,2
0,10,10,0,0
47.52,7.81,76.19,2,2
50.13,9.14,58.72,2,2
31,19,72,2,1
28,4,18,1,1
17.82,18.31,9.34,0,0
47,3,135,2,2
10.36,31.19,12.44,1,0
15.87,4.76,10.98,1,1
23.61,17.33,5.2,0,0
40,3,39,2,2
19,29,6,0,0
2,39,15,1,1
-9,38,10,1,0
33,11,166,2,2
32.45,7.63,37.67,2,2
33,10,107,2,1
-3,50,4,0,0
22,16,2,0,0
16,24,2,0,0
42,4,177,2,2
31,11,175,1,1
14,43,2,0,0
26,5,15,1,1
35.56,7.54,146.2,1,1
39.38,3.36,79.24,2,2
30.27,12.46,27.78,2,1
42.39,9.12,82.34,2,2
5,13,19,1,0
36,10,130,2,2
38.01,4.28,95.14,2,2
-4,15,10,1,0
30,9,140,2,2
14.69,30.88,9.04,0,0
-3.12,8.71,12.7,1,0
37,1,96,2,2
15.13,14.1,17.61,1,0
32.37,19.84,38.15,1,1
-9,31,13,1,1
34.24,14.63,131.02,2,1
-9.05,17.33,2.6,0,0
-1.55,19.67,17.25,1,1
28.32,39.08,17.37,1,0
41,1,81,2,2
35,15,84,1,2
-5,34,9,0,0
33,16,53,1,2
30.04,2.27,86.91,1,1
37.22,0.01,137.12,2,2
35.05,3.51,126.7,1,2
42,9,121,2,2
34.8,3.87,70.9,2,2
11.53,7.76,5.76,0,0
38,5,125,2,2
6,34,7,0,0
8,3,8,0,0
30.75,17.04,140.13,1,2
18.66,47.38,3.99,0,0
41,4,95,2,2
27,32,13,1,1
-8.0,2.64,15.72,1,1
50.11,4.69,34.39,2,2
33.59,0.59,66.35,2,1
33,12,178,1,2
3.77,41.38,7.76,0,0
38.96,5.5,121.78,2,2
31.83,4.73,174.29,2,1
42,7,88,2,2
17,37,12,1,1
41.77,8.53,33.99,2,2
12.22,7.23,0.37,0,0
36,13,29,2,2
23,40,12,1,0
1.26,37.58,17.97,1,1
30.8,4.94,126.75,1,2
2,42,9,0,0
-8.77,31.15,10.38,1,0
12.95,42.31,0.59,0,0
40,5,142,2,2
48.18,5.52,64.69,2,2
-5.27,44.8,1.94,0,0
5.11,22.32,15.71,1,1
42.02,1.54,96.07,2,2
0.49,13.02,15.2,1,1
16,2,4,0,0
-9,39,17,1,0
31.07,6.22,112.3,2,1
-2,4,20,1,0
38,4,96,2,2
37,9,43,2,2
35.62,17.63,40.57,1,1
13,43,3,0,0
26.59,2.66,11.93,1,1
23.94,24.65,19.74,1,0
1,31,4,0,0
30.34,1.05,46.21,2,1
-5,27,15,1,0
34,5,59,2,1
30,11,85,2,1
34.13,17.36,127.99,1,2
47.17,5.98,40.04,2,2
23,40,2,0,0
23,4,15,1,0
39,3,54,2,2
-10,32,12,1,1
-5.39,10.54,1.92,0,0
-6,25,12,1,1
34.7,8.2,120.79,2,1
-5.55,15.19,1.01,0,0
34,13,98,1,1
33,7,133,2,2
8,0,12,1,1
-9.92,3.91,0.12,0,0
35.17,17.83,133.94,2,2
5.61,45.24,7.34,0,0
20.56,34.37,5.19,0,0
34.23,18.17,179.08,1,2
35.33,19.3,148.03,1,1
45.05,7.57,154.04,2,2
33,13,62,1,1
8,36,2,0,0
34.61,18.21,166.12,1,1
12.52,9.56,10.1,1,0
32,20,169,1,2
-5.52,33.29,2.84,0,0
27.3,25.38,14.18,1,1
34,15,44,1,2
31.11,1.52,131.12,1,2
33.76,9.22,58.06,1,2
-0.84,33.57,18.54,1,0
-9,2,17,1,1
38,6,128,2,2
11.08,25.67,14.47,1,0
42.18,8.02,93.54,2,2
11.21,24.04,1.24,0,0
19,22,11,1,1
-9.59,45.27,6.68,0,0
-9.35,45.08,4.38,0,0
34,5,129,2,1
18.29,17.34,5.68,0,0
37.71,2.35,112.38,2,2
36,9,179,2,2
43.67,5.57,110.44,2,2
22.59,35.19,7.57,0,0
6,44,2,0,0
49.25,5.97,119.33,2,2
36,12,26,2,2
5,18,15,1,1
47,7,160,2,2
24.09,32.33,5.25,0,0
50,2,41,2,2
47.82,6.32,178.19,2,2
-6,45,7,0,0
45,7,80,2,2
36.02,4.23,73.45,2,2
32,10,50,2,2
9,40,10,1,1
9,6,1,0,0
-7.97,16.91,9.32,0,0
15,34,0,0,0
-8.97,0.43,7.62,0,0
33.84,0.25,55.7,2,1
2,10,20,1,0
21,21,10,1,1
2.92,30.23,8.48,0,0
45.48,1.46,99.01,2,2
30.47,1.28,114.94,2,1
38,1,44,2,2
17.02,34.19,2.43,0,0
1.55,35.12,3.98,0,0
-2.22,48.54,9.14,0,0
23,20,16,1,1
5.19,26.65,9.11,0,0
5,31,16,1,1
44,8,79,2,2
31,11,20,1,2
12,33,18,1,1
-3,44,0,0,0
26.31,27.02,11.64,1,0
31.51,1.72,72.01,2,2
-1.18,25.84,7.74,0,0
36,11,85,1,1
4.27,12.93,10.69,1,0
14.42,40.02,1.82,0,0
14,30,3,0,0
17,40,12,1,0
49.07,5.35,115.87,2,2
-5.56,10.58,14.71,1,1
31,15,164,1,2
36,8,70,1,1
-4.73,29.54,17.99,1,1
43,1,70,2,2
28.92,26.7,17.46,1,1
46,2,144,2,2
49,6,118,2,2
17.08,9.33,4.81,0,0
43,4,93,2,2
-5.73,42.04,0.07,0,0
20.61,45.37,2.29,0,0
48.57,2.32,171.24,2,2
44,2,62,2,2
39.38,7.03,154.04,2,2
49,2,106,2,2
50,4,120,2,2
17,49,5,0,0
36.51,4.05,43.61,2,2
19.54,35.45,2.93,0,0
44,2,162,2,2
35,18,123,1,1
9.11,19.46,18.65,1,0
35,3,142,2,2
43.92,0.55,168.0,2,2
33,0,131,2,1
2.48,25.16,12.92,1,1
-0.39,26.04,13.65,1,1
46.27,8.75,117.96,2,2
34,14,20,2,2
36,17,39,2,2
8,37,16,1,1
8.06,31.46,12.05,1,1
21.85,12.39,8.1,0,0
46.51,5.4,166.08,2,2
-3.81,25.48,1.18,0,0
35.8,18.92,35.35,2,2
6,19,0,0,0
42,4,44,2,2
45.46,1.36,142.3,2,2
36,10,108,2,2
20,18,2,0,0
32.33,19.35,116.6,2,1
49.81,5.23,59.06,2,2
47,9,90,2,2
4.85,32.53,1.47,0,0
40.47,1.81,67.02,2,2
35,14,67,1,2
32,15,73,2,2
14,23,12,1,0
-7,28,4,0,0
31.19,8.77,107.94,2,1
-4,44,7,0,0
36,3,52,2,2
18.06,11.97,4.93,0,0
8,37,14,1,1
40,7,142,2,2
24.8,38.99,7.55,0,0
26,12,11,1,1
34,2,153,1,1
33.7,7.62,176.81,1,1
43,1,91,2,2
34,5,156,1,2
-9,15,10,1,0
42.0,3.6,91.63,2,2
32.0,11.29,163.03,2,1
30,19,116,1,2
48.82,0.61,115.26,2,2
2.14,21.18,4.3,0,0
47.53,6.53,145.54,2,2
32.22,13.41,178.08,2,2
49.18,0.72,173.68,2,2
-4,10,16,1,0
47.45,7.8,82.18,2,2
36,4,92,2,1
14,43,4,0,0
37.04,2.89,77.9,2,2
33,10,179,2,1
22.7,9.6,7.05,0,0
0,1,18,1,1
47.6,3.28,121.95,2,2
39,5,113,2,2
10.31,25.93,4.11,0,0
35.08,6.78,41.46,1,1
45.78,3.05,159.92,2,2
15.03,20.63,15.32,1,0
-9.05,13.4,18.1,1,0
31.48,14.4,97.53,2,2
45.07,7.65,39.14,2,2
34.88,18.25,46.42,1,2
45,8,86,2,2
40,8,162,2,2
-9.1,30.25,1.86,0,0
40.63,3.49,92.54,2,2
-4,19,7,0,0
28.59,33.6,15.56,1,1
33,18,114,1,2
10,13,3,0,0
35,17,138,1,2
34,7,64,2,1
3.3,39.16,17.98,1,0
36.61,8.02,57.66,2,2
32.76,15.11,177.76,1,1
28,3,20,1,0
36,4,70,1,2
7.21,7.09,12.07,1,1
41,3,60,2,2
42.34,7.45,107.1,2,2
16,6,12,1,1
43.86,3.95,139.87,2,2
39.66,3.79,120.75,2,2
15,18,6,0,0
34,18,51,2,2
41.52,4.04,159.71,2,2
42.86,8.49,83.03,2,2
42.66,5.9,100.3,2,2
33.1,12.86,143.32,1,1
23,22,15,1,0
32.9,12.08,56.95,2,1
27,40,17,1,0
45.76,9.3,129.65,2,2
21.7,37.61,15.68,1,1
36,0,50,2,2
30.34,12.39,127.02,1,1
34,7,61,2,1
24.72,2.46,14.9,1,0
7.22,28.68,9.55,0,0
7.51,7.39,1.64,0,0
1.65,35.19,3.64,0,0
35,2,23,1,2
36,3,54,1,1
-0.74,40.62,8.76,0,0
14.91,6.55,17.13,1,0
10.93,25.48,7.82,0,0
23.3,27.66,6.52,0,0
6,27,15,1,0
18.5,2.47,16.61,1,1
42.28,9.09,74.76,2,2
30.61,4.57,102.01,2,1
37.47,0.11,149.05,2,2
37,5,163,2,2
34.69,2.22,98.24,1,2
48,2,124,2,2
21,20,18,1,1
39,9,73,2,2
47,8,30,2,2
38.16,4.38,138.91,2,2
8,8,10,0,0
42.21,7.42,75.66,2,2
32.91,14.46,143.2,2,2
3,25,14,1,0
51,6,165,2,2
31,8,163,2,1
31,8,120,1,1
-6,4,16,1,0
36,18,123,2,2
37.18,8.66,58.49,2,2
-4.23,4.75,6.18,0,0
35.8,16.42,63.74,1,1
-1.66,12.02,5.53,0,0
46.36,9.38,138.98,2,2
28,0,14,1,1
39.03,7.3,153.38,2,2
4.92,16.32,12.72,1,0
31,4,113,2,1
17,18,14,1,0
45.3,4.6,90.01,2,2
31,16,114,1,2
40,9,167,2,2
32,0,106,1,2
17,35,11,1,0
33,18,71,2,2
29.22,38.58,13.18,1,0
49.16,3.5,67.1,2,2
3,23,14,1,0
9.44,34.41,18.42,1,0
38,3,114,2,2
-5,13,3,0,0
31,8,73,1,1
-6.62,30.8,2.96,0,0
11.38,4.45,0.35,0,0
42,7,85,2,2
11.66,25.58,10.62,1,0
31.2,13.82,132.49,1,1
49,6,75,2,2
39.46,1.56,78.48,2,2
-6,31,10,0,0
14,41,5,0,0
50.12,4.16,42.07,2,2
33,18,164,2,2
38.07,4.73,85.04,2,2
40,0,81,2,2
-5,12,16,1,0
36,16,135,1,2
28.66,33.12,18.98,1,1
0.71,1.13,10.1,1,0
34.66,16.05,159.06,2,1
31,1,107,2,1
1.03,34.11,16.8,1,1
-3.82,37.75,6.96,0,0
41.95,3.97,89.88,2,2
18,14,18,1,1
32,17,113,1,2
-7.65,2.41,6.99,0,0
6.8,30.38,19.13,1,0
31.51,17.58,66.71,1,2
44.28,1.47,51.48,2,2
22,40,11,1,0
3.27,22.53,3.81,0,0
45.22,9.14,65.89,2,2
38.86,9.83,163.26,2,2
40.27,7.57,121.71,2,2
-4.03,25.78,19.1,1,1
25,24,10,1,0
30,14,91,2,1
51,3,174,2,2
34,13,91,2,2
32,11,132,2,1
-5,37,13,1,0
21,6,9,0,0
9.54,37.87,16.24,1,1
21.47,23.98,6.53,0,0
36,4,51,2,1
34.01,1.41,144.11,2,1
14.96,16.65,0.16,0,0
7,11,20,1,0
-7.33,27.25,6.44,0,0
42,6,94,2,2
5,4,2,0,0
43,0,157,2,2
32.98,13.27,113.4,2,1
30.52,15.98,118.03,1,1
26.12,39.16,10.48,1,1
41.52,2.94,56.37,2,2
34.58,7.24,166.22,1,2
1.42,16.5,15.57,1,1
16.41,34.89,4.28,0,0
14.21,6.02,3.01,0,0
2.63,2.49,18.75,1,1
38,7,105,2,2
33.84,15.65,163.27,1,2
49.55,5.95,158.92,2,2
35.44,15.74,35.93,1,1
50.49,5.11,59.26,2,2
12,3,8,0,0
38,1,171,2,2
34,15,103,1,2
-4.4,34.62,11.49,1,1
36,19,179,2,2
19,48,9,0,0
35,0,30,1,2
38.52,9.82,143.54,2,2
12.91,18.47,6.88,0,0
6.19,32.44,1.41,0,0
7.34,35.41,19.71,1,1
45,0,70,2,2
-10,5,10,1,1
18.82,33.64,2.7,0,0
8,8,0,0,0
29,39,11,1,1
48.92,8.34,87.24,2,2
36,9,153,1,1
-10,47,1,0,0
25.59,0.35,18.33,1,0
36,14,81,1,1
-10,0,15,1,1
35,15,145,2,1
35,14,46,2,1
34,7,31,1,1
14.36,20.47,0.3,0,0
10.26,19.89,17.74,1,0
2,33,16,1,0
43,8,83,2,2
19,23,4,0,0
20,5,4,0,0
6,26,19,1,1
40,1,95,2,2
23,18,0,0,0
17,9,20,1,1
43,9,136,2,2
34,18,62,2,2
-5,0,13,1,1
40.34,6.9,47.75,2,2
39.16,0.09,109.5,2,2
31.27,13.29,113.17,1,2
17.39,31.96,7.35,0,0
44,6,86,2,2
30.35,7.41,151.06,2,2
41.81,5.53,176.34,2,2
31,6,121,1,2
24,17,10,0,0
31,15,47,1,1
-9,23,12,1,0
46,10,99,2,2
24.37,5.11,11.3,1,0
17,7,8,0,0
13,26,13,1,1
31.91,5.38,117.16,1,2
46,0,55,2,2
35.83,3.28,115.65,1,1
50,1,135,2,2
30.14,9.53,62.2,1,1
49.39,2.6,173.12,2,2
-8,10,12,1,0
-2,44,9,0,0
36,14,58,2,1
33,1,164,1,1
-9.55,24.84,12.03,1,1
45.28,0.06,63.7,2,2
17.63,13.88,17.68,1,1
-8,20,20,1,1
46,10,121,2,2
-2.25,2.27,8.74,0,0
34,19,95,2,2
18.18,5.05,3.5,0,0
-1.61,16.16,19.38,1,1
10,43,8,0,0
5.37,16.82,14.19,1,1
33.37,19.37,57.46,1,2
-5.59,10.96,18.98,1,1
38.42,9.37,91.18,2,2
-5.82,27.2,15.6,1,1
0.67,5.28,10.89,1,0
18,7,20,1,0
15.05,10.15,12.73,1,1
9,18,8,0,0
49,5,107,2,2
3.03,22.18,13.63,1,0
31.13,10.73,143.89,1,1
11.97,6.73,18.14,1,1
46.27,2.68,122.86,2,2
30,15,67,1,2
34.79,16.0,46.45,1,2
42.63,3.54,72.58,2,2
2,9,11,1,0
31,10,61,2,1
-7.37,19.15,8.39,0,0
46.32,1.78,107.9,2,2
-3,22,13,1,0
-2,28,12,1,0
33,19,137,1,1
44.18,4.1,69.86,2,2
-5.92,39.63,16.18,1,1
-5.75,18.02,16.82,1,0
50.36,6.8,147.5,2,2
43.42,3.29,103.05,2,2
10.58,34.08,2.33,0,0
-3.73,26.61,14.13,1,0
11.47,39.98,6.06,0,0
30,13,32,2,2
3,32,16,1,1
31.58,4.71,106.22,1,1
-0.36,11.5,0.77,0,0
31.99,11.8,153.38,1,2
-6,22,10,0,0
34.01,7.87,39.18,1,2
37,7,164,2,2
6,10,18,1,1
9,22,10,1,1
40,4,75,2,2
18,12,5,0,0
22,20,16,1,0
17.71,2.94,3.17,0,0
32,15,21,2,1
48,3,38,2,2
34.48,0.58,91.19,2,1
36,6,114,2,1
43.06,2.55,71.78,2,2
14,28,16,1,0
34.46,2.91,97.34,1,1
8.35,8.71,3.74,0,0
46,10,50,2,2
9,47,8,0,0
8,38,2,0,0
32.72,13.82,130.15,2,2
35.7,18.91,96.0,1,1
10.26,33.97,9.86,0,0
-9.58,4.06,5.91,0,0
-1,19,17,1,0
39,6,103,2,2
31,19,35,2,2
-0.4,37.74,13.73,1,0
47,6,71,2,2
18.0,21.96,12.64,1,1
30.82,5.52,159.5,1,2
13.14,29.06,10.17,1,1
-4,9,11,1,0
0,27,12,1,0
33,16,107,1,2
-6,48,1,0,0
9.72,21.88,17.83,1,1
-5.98,10.72,1.71,0,0
26.03,17.14,14.45,1,0
48,4,49,2,2
20.8,8.3,5.96,0,0
46,7,151,2,2
-7.27,4.25,3.96,0,0
-8,25,10,0,0
-2,21,16,1,1
5.36,26.5,1.71,0,0
24,36,13,1,1
25.45,39.51,19.12,1,0
48.64,3.11,44.79,2,2
49.71,4.04,131.11,2,2
34,20,132,1,2
40,2,90,2,2
7.61,36.03,5.88,0,0
43.42,7.74,131.41,2,2
19.92,7.77,17.26,1,1
15.34,4.46,3.37,0,0
-5.59,23.2,13.07,1,1
29,8,14,1,0
32.84,15.16,75.42,2,2
30,9,20,1,2
19.07,31.62,8.74,0,0
35,6,22,1,1
-6.69,27.03,6.78,0,0
27,30,12,1,0
46,0,164,2,2
45,8,128,2,2
12.72,11.21,2.72,0,0
5.12,10.8,6.83,0,0
35.48,7.34,52.12,1,2
-4.36,1.43,4.44,0,0
-5.12,6.38,10.62,1,0
26,36,16,1,0
30.92,9.79,97.25,2,1
46,4,145,2,2
17,4,13,1,1
25,16,12,1,0
35,1,97,2,1
16,6,10,1,0
40,8,167,2,2
6,28,19,1,0
34,16,144,2,2
49,7,44,2,2
36,10,111,2,2
39,2,142,2,2
31.5,18.44,103.02,1,1
40.58,0.24,100.09,2,2
15,15,7,0,0
36,5,166,2,2
22.39,32.01,0.74,0,0
21,11,10,1,0
-1,34,16,1,1
47.67,1.1,144.76,2,2
33,8,159,2,1
-4,6,9,0,0
35,13,117,1,2
-3.03,34.46,15.23,1,0
-4.58,14.62,16.37,1,0
-3,4,13,1,1
10,29,10,0,0
34.67,11.98,52.43,2,2
31.95,19.81,49.57,2,1
32.49,15.91,157.8,2,2
7.8,24.12,2.39,0,0
22.68,16.51,5.02,0,0
34,0,96,2,1
Temperatura,Humedad,Viento,Vegetacion,Cielo
48.68,7.95,34.68,2,2
-9.43,34.56,14.53,1,0
11.13,36.51,1.25,0,0
34.7,3.35,60.29,1,2
36,9,88,2,2
-4.22,23.88,16.38,1,1
21,18,14,1,1
9.05,26.21,2.24,0,0
42.75,7.27,93.77,2,2
33,18,106,1,1
11,8,16,1,1
32,6,161,2,1
23,24,9,0,0
10.81,41.4,8.28,0,0
-2,13,11,1,0
37.12,6.96,131.55,2,2
48,3,57,2,2
34.59,2.82,59.68,1,1
-2,0,18,1,0
13,27,7,0,0
-0.61,21.09,5.61,0,0
41,10,126,2,2
35.82,17.69,58.9,1,1
20,12,4,0,0
37.48,3.4,133.35,2,2
47.34,2.67,157.24,2,2
24.35,22.39,7.28,0,0
51,2,111,2,2
33,9,40,2,2
9.21,48.09,5.61,0,0
38.11,7.08,170.93,2,2
4.62,15.7,15.43,1,1
34.14,15.3,30.44,1,1
34.5,11.98,85.44,2,1
16.5,14.65,9.68,0,0
34.95,5.81,109.98,1,2
12.02,36.44,3.61,0,0
9.79,39.57,19.82,1,0
32.71,15.45,92.31,1,1
32,3,112,2,2
8,14,16,1,1
38.84,4.75,171.51,2,2
-3.16,34.33,1.73,0,0
38,4,80,2,2
3,38,12,1,1
9.24,22.83,14.54,1,1
32.46,8.02,179.56,2,1
-5.18,32.35,14.76,1,0
33.16,0.1,156.01,1,1
6.37,36.42,12.51,1,0
7,39,19,1,1
15.53,32.29,7.21,0,0
-6,16,13,1,0
3.63,28.71,1.25,0,0
42,0,157,2,2
8,43,5,0,0
10,20,9,0,0
-0.6,11.37,18.29,1,1
44.53,3.49,152.11,2,2
-7,47,5,0,0
37.68,8.02,58.25,2,2
32.5,6.44,159.17,2,1
2.2,23.97,12.71,1,1
8.28,5.12,14.04,1,0
37,4,103,2,2
36,12,39,2,2
11,8,5,0,0
-5.39,8.85,16.81,1,1
21.73,21.73,1.71,0,0
2.68,33.71,12.72,1,0
17,30,19,1,1
10.16,14.06,10.67,1,1
3,43,10,0,0
-3,11,12,1,1
34.65,17.47,48.04,1,1
33.63,9.41,25.07,2,2
-3.69,28.24,0.02,0,0
9.8,4.62,11.05,1,1
50.42,2.1,132.98,2,2
-2.01,45.96,0.82,0,0
-9,0,11,1,0
35,14,89,2,1
39.61,9.14,133.56,2,2
-3.9,23.94,8.0,0,0
-2.62,14.91,7.73,0,0
20,13,14,1,0
40.07,7.55,176.82,2,2
5,49,6,0,0
35,16,32,1,2
37,2,75,2,2
32,8,82,1,1
47,0,106,2,2
50.38,9.04,88.82,2,2
2.51,37.66,9.77,0,0
24,2,0,0,0
4,8,2,0,0
0,33,20,1,1
35.71,11.25,101.25,1,1
5,17,19,1,1
29,17,16,1,0
-6.48,25.17,17.29,1,1
1.3,22.19,18.53,1,0
3,12,5,0,0
18.9,20.15,1.59,0,0
32,15,96,2,2
45.54,4.34,125.66,2,2
35.68,2.29,176.39,2,1
32.72,2.42,58.37,2,2
33.42,5.17,54.27,2,2
3,41,3,0,0
35.39,9.64,102.33,2,2
22,20,20,1,1
39.04,2.88,134.45,2,2
-10,15,17,1,0
48.24,8.66,69.62,2,2
7,30,13,1,1
16,40,20,1,1
48,3,124,2,2
15,11,17,1,0
20.29,9.33,14.35,1,1
44,4,141,2,2
2.36,36.71,7.09,0,0
13.47,15.37,15.22,1,0
-8.3,2.68,9.52,0,0
34,6,107,1,2
-1.58,25.47,18.14,1,1
30,8,56,2,2
21,14,11,1,0
32,7,177,1,2
39.25,3.69,53.59,2,2
20.62,34.37,6.61,0,0
32.38,2.98,81.4,2,2
27,39,12,1,0
-5,43,5,0,0
36,17,134,2,2
35.01,15.92,164.95,2,2
-4.59,0.27,2.07,0,0
-9,2,2,0,0
38,10,70,2,2
-3,34,3,0,0
28,33,10,1,1
31,5,67,2,1
34,2,120,1,2
16,18,6,0,0
5,20,19,1,0
46,6,82,2,2
19.81,17.14,8.29,0,0
16,36,15,1,0
20.96,16.23,17.47,1,1
43.52,1.91,113.46,2,2
-6.2,19.12,15.97,1,1
-1,26,6,0,0
30.55,17.35,35.63,1,1
29.67,36.43,15.96,1,1
26,31,15,1,1
40,5,95,2,2
45,7,80,2,2
3,22,15,1,0
37.05,9.48,98.28,2,2
25,19,20,1,0
30,15,120,1,2
43.36,5.93,45.9,2,2
31,19,53,1,1
2.19,33.77,6.44,0,0
49.53,4.86,67.19,2,2
23,32,20,1,1
41.93,5.33,163.91,2,2
36.66,6.43,136.91,2,2
29,7,19,1,1
44.81,2.67,104.29,2,2
29.25,17.32,14.56,1,0
13.8,16.48,10.77,1,1
0.47,21.26,4.33,0,0
13,2,16,1,1
35.95,10.0,135.63,2,2
38.69,8.98,103.39,2,2
18,40,6,0,0
-3,7,6,0,0
11.39,9.34,9.61,0,0
7.29,33.12,13.8,1,1
10.94,6.92,10.33,1,0
42,3,69,2,2
15,27,9,0,0
-8.4,37.09,3.45,0,0
34.14,14.55,32.14,2,1
31.13,1.42,178.0,2,2
31,3,110,1,1
31.95,15.28,71.3,1,2
1,11,0,0,0
-7.75,25.36,0.16,0,0
32.22,18.04,150.4,2,1
5.81,34.74,6.53,0,0
11,1,20,1,0
36.33,1.04,166.22,2,2
36,5,103,2,1
51,8,148,2,2
18,25,16,1,1
32.45,3.02,106.82,2,1
9.45,22.81,6.87,0,0
43,9,74,2,2
33.01,10.74,29.62,1,1
7,48,7,0,0
11,36,17,1,0
11,25,5,0,0
38.88,9.86,83.98,2,2
6,39,6,0,0
3,34,10,1,1
33,14,151,2,2
25.3,5.26,11.74,1,1
33.78,11.51,51.27,1,1
37,5,68,2,2
42,5,40,2,2
5.11,14.63,5.62,0,0
49,10,133,2,2
-6,20,18,1,0
2.25,4.19,8.6,0,0
36,17,137,1,2
8.43,3.33,16.55,1,0
-0.58,23.82,16.8,1,0
32.93,13.23,168.9,2,1
34.65,2.79,121.23,1,1
47,1,138,2,2
48.46,6.3,70.81,2,2
4.04,25.68,16.64,1,1
-8.85,12.69,4.22,0,0
33,5,32,1,2
20.49,18.11,15.95,1,0
43.12,5.34,154.27,2,2
11.6,26.15,14.54,1,1
17,22,0,0,0
36,18,141,2,1
1.7,28.76,5.83,0,0
39.83,3.16,107.37,2,2
21.17,12.84,4.95,0,0
21,10,17,1,1
40,8,116,2,2
38.14,3.74,177.53,2,2
35.44,3.72,43.17,1,2
35.31,2.71,162.96,2,2
38,10,114,2,2
20,11,6,0,0
32.93,3.42,64.23,1,2
12.97,36.21,5.4,0,0
13.37,41.04,8.39,0,0
35,9,116,2,1
-7,28,16,1,0
31.84,9.45,140.36,1,1
43.68,5.55,158.04,2,2
31.38,2.89,174.39,1,1
21.91,22.46,16.98,1,1
-3,20,20,1,0
-8,28,4,0,0
7,2,7,0,0
46,2,112,2,2
35.63,15.6,116.92,1,1
11.23,24.84,16.06,1,1
-6,12,20,1,0
34.35,18.31,33.73,2,1
43.4,3.19,113.63,2,2
6,49,7,0,0
30.27,18.13,62.33,2,2
47,1,143,2,2
-3.86,13.68,7.95,0,0
47.34,7.12,125.78,2,2
2.91,25.48,9.81,0,0
22,21,20,1,0
0,8,12,1,0
14.74,41.95,3.27,0,0
-3.08,42.76,8.62,0,0
20.11,31.37,13.45,1,1
32.09,16.42,86.07,1,1
18.44,16.66,19.07,1,0
4,0,20,1,1
38.94,6.87,75.27,2,2
34.14,5.02,149.57,1,1
1,8,10,0,0
3.35,2.99,19.76,1,0
-5,50,9,0,0
27.96,13.85,19.08,1,1
-10,31,18,1,0
1.56,5.4,16.37,1,0
31,18,86,2,1
31.4,6.4,157.71,2,2
23,10,17,1,1
36,17,20,1,1
36,11,60,2,1
31,16,108,1,2
23,13,0,0,0
15,8,6,0,0
18,25,20,1,0
1.96,1.66,13.26,1,1
40,2,129,2,2
18,25,10,0,0
34.59,7.48,175.48,2,2
-0.44,21.03,9.89,0,0
32.82,15.12,159.48,1,2
35.07,1.99,49.38,2,2
29,19,17,1,1
40,7,101,2,2
1,21,7,0,0
19.02,7.27,0.32,0,0
31,10,61,2,2
39,5,106,2,2
51,6,159,2,2
-5,47,0,0,0
25.49,26.38,13.88,1,1
20.38,32.82,8.02,0,0
18,40,1,0,0
31,18,44,1,1
-10,24,0,0,0
1.36,34.81,14.5,1,1
37,6,83,2,2
16.71,22.72,6.65,0,0
26.85,25.91,13.44,1,0
-8.9,38.44,17.3,1,1
-1.03,21.72,16.08,1,0
33,19,108,2,1
29,19,17,1,1
36,0,132,1,2
38,0,118,2,2
32.14,18.44,164.61,2,2
50.48,9.72,70.42,2,2
38.5,7.16,77.84,2,2
13,29,20,1,1
13,2,4,0,0
44,1,35,2,2
6.82,19.72,3.27,0,0
36,3,141,1,2
50.71,4.11,132.93,2,2
31.78,18.19,127.56,2,2
35,18,53,2,2
15.25,34.0,11.98,1,1
13,27,3,0,0
40,4,144,2,2
2,13,16,1,1
25.05,23.08,11.15,1,1
38,2,62,2,2
9,47,7,0,0
-9,28,15,1,1
7.6,4.27,16.61,1,1
34,16,172,1,2
35,20,111,1,2
12.26,33.77,0.23,0,0
35.12,16.26,121.86,1,2
36,5,171,2,2
50.05,2.47,81.53,2,2
34,16,119,1,2
11.14,34.71,15.11,1,1
5.57,44.18,8.16,0,0
-10,2,19,1,0
34.73,2.41,116.22,1,2
21,44,1,0,0
37,3,170,2,2
12.47,33.53,18.62,1,1
46,1,123,2,2
40.68,8.09,142.99,2,2
-6,13,10,1,0
31.67,5.68,77.04,2,1
0.52,18.85,0.73,0,0
41.03,8.04,145.89,2,2
25,29,6,0,0
34.23,17.08,165.95,2,2
-0.35,6.0,14.58,1,0
9.21,37.1,14.94,1,0
-2,45,4,0,0
-5,35,3,0,0
6.02,33.82,6.34,0,0
-5,14,13,1,1
41.69,9.49,83.82,2,2
33,5,65,1,2
14,38,3,0,0
19.77,39.43,4.27,0,0
32,20,110,2,1
1.24,4.57,14.31,1,1
33.69,12.59,95.32,2,2
-7,32,2,0,0
30,4,90,1,2
41,6,77,2,2
27.45,15.95,17.66,1,0
24.36,38.18,6.72,0,0
17,17,0,0,0
3.17,2.28,13.28,1,1
1.38,30.54,16.06,1,0
22.97,12.93,15.13,1,0
47,7,99,2,2
0,37,12,1,0
49.38,5.07,66.17,2,2
34.11,17.31,108.08,2,1
39.7,3.09,140.77,2,2
-1,46,10,0,0
10.67,41.62,6.13,0,0
-8,7,12,1,1
30,25,14,1,1
-0.83,3.72,10.98,1,0
-8,6,13,1,1
24.42,1.42,9.67,0,0
19,5,9,0,0
-10,17,3,0,0
-8,0,5,0,0
33.56,1.04,104.32,1,1
32.99,4.92,62.43,2,1
30.02,16.0,76.49,1,2
-5,18,1,0,0
44,7,114,2,2
31,1,153,1,2
44.63,3.45,81.92,2,2
41,7,53,2,2
28.56,32.87,17.26,1,1
42,7,155,2,2
49,4,165,2,2
35.02,8.15,63.41,1,2
-4,18,6,0,0
33.55,11.01,79.28,2,1
35.12,17.28,39.66,1,2
35.49,8.67,25.86,2,1
-6.41,33.74,19.72,1,0
33.51,7.46,178.73,1,1
48.3,2.82,142.25,2,2
-8,30,13,1,0
18,35,11,1,1
16.04,29.23,4.65,0,0
32.96,6.34,65.31,2,1
6,10,6,0,0
-8,28,5,0,0
21,28,1,0,0
30.59,6.52,83.09,1,2
19,40,17,1,0
34.43,14.1,166.53,2,1
41.35,9.44,127.54,2,2
35.37,0.97,106.85,1,2
-6,28,19,1,0
-7.61,16.1,7.28,0,0
45,4,167,2,2
-3,30,7,0,0
-4,0,0,0,0
30,5,180,2,1
32,18,39,2,2
-5.76,43.88,0.24,0,0
30,31,16,1,0
33.84,13.49,140.96,1,1
32,11,152,1,1
23,4,20,1,1
30.1,1.1,104.84,2,2
9,42,8,0,0
-1,28,1,0,0
32,11,178,1,1
34.59,19.48,105.56,2,1
37.81,4.14,133.55,2,2
30,15,108,1,1
50,9,41,2,2
13,46,10,0,0
11.46,20.07,18.83,1,1
48,3,53,2,2
18.12,7.0,17.84,1,1
37,1,172,2,2
-4,9,12,1,0
30.84,3.74,170.35,2,1
32.97,13.2,161.75,1,2
45.76,0.03,152.92,2,2
34,11,115,1,2
-6,30,12,1,1
30.04,7.79,172.44,1,1
31.62,9.86,94.18,2,1
4,25,7,0,0
24,7,6,0,0
-3.86,31.86,15.29,1,1
10.43,13.93,11.52,1,1
45.96,9.37,69.46,2,2
46,7,78,2,2
25.77,24.99,18.68,1,1
-0.1,26.82,5.91,0,0
41,9,84,2,2
1,11,4,0,0
-3.58,26.41,7.72,0,0
32.28,5.29,174.75,1,1
13,21,3,0,0
10,3,11,1,1
6.03,3.77,6.24,0,0
35,4,20,1,2
14.03,40.51,3.57,0,0
17,20,1,0,0
2,49,9,0,0
5.81,8.86,17.29,1,0
20,18,2,0,0
-0.19,3.1,2.05,0,0
33,9,177,1,2
33,12,166,1,1
33.24,12.37,92.19,2,2
44.01,6.22,148.2,2,2
29.64,16.0,13.97,1,1
36,16,125,2,1
37.75,9.06,145.6,2,2
30.95,18.38,81.44,2,1
30.68,17.1,164.13,2,2
10.22,30.69,8.07,0,0
38,2,38,2,2
-0.34,26.43,11.76,1,1
50.39,4.4,175.2,2,2
39.37,4.33,171.82,2,2
33.74,10.71,40.35,1,1
-7,34,14,1,0
5,22,17,1,0
14.36,17.49,13.41,1,0
33,18,157,2,1
8.3,31.66,16.97,1,0
23,26,10,0,0
40.81,5.37,64.65,2,2
39.17,1.91,118.0,2,2
12,14,9,0,0
3.44,24.29,8.66,0,0
10,17,12,1,0
30.4,17.73,152.61,2,2
46.95,1.58,134.85,2,2
51,1,78,2,2
6,9,16,1,1
8.29,36.53,16.01,1,0
-8.74,28.92,7.02,0,0
-3.79,39.47,18.93,1,1
45.9,2.8,86.4,2,2
30.95,9.44,29.64,1,2
-3,9,10,1,1
-1,43,2,0,0
30,16,31,2,1
12.54,44.5,0.03,0,0
34.5,2.96,109.93,1,1
42,4,79,2,2
46.54,4.02,45.76,2,2
17.9,4.73,18.81,1,1
17.1,13.72,0.37,0,0
25,8,13,1,1
4,39,18,1,1
12.91,21.5,4.17,0,0
47,2,91,2,2
-7,3,16,1,1
16.39,35.58,14.49,1,1
43,1,73,2,2
-5,29,0,0,0
21,3,14,1,1
43,1,82,2,2
8,29,17,1,0
47,1,71,2,2
30.93,16.08,164.39,2,2
36,8,135,2,2
-5,44,2,0,0
31.24,6.83,118.27,1,2
38,5,133,2,2
-4.66,35.9,8.06,0,0
-7,39,16,1,0
33,13,48,1,1
40,3,85,2,2
32.65,19.05,21.68,2,2
39,7,118,2,2
35.42,2.66,125.35,1,2
31.54,5.82,118.21,2,1
30.17,19.78,94.51,1,2
32,13,34,1,1
41,4,98,2,2
42,0,176,2,2
47.92,4.79,145.46,2,2
50,0,170,2,2
9,9,10,0,0
0,12,2,0,0
18.89,9.75,1.86,0,0
50,5,44,2,2
3,38,17,1,1
43.63,0.22,76.05,2,2
36,4,151,2,2
19,47,8,0,0
25,29,7,0,0
-2.47,20.14,15.52,1,0
2,16,14,1,1
-3.8,0.93,13.49,1,0
23.04,17.35,11.45,1,1
-1.38,25.44,18.74,1,0
46.07,1.01,131.48,2,2
34,18,151,1,1
50.36,7.57,112.86,2,2
26.55,28.6,19.1,1,1
35.5,17.93,36.38,1,2
37.48,9.96,165.95,2,2
17.99,34.7,5.64,0,0
1.18,37.41,12.55,1,1
35,4,107,1,2
32,9,50,1,1
31,2,168,1,2
44,8,98,2,2
44.44,5.42,127.97,2,2
44.32,5.82,161.99,2,2
5.68,7.62,9.29,0,0
40.72,6.13,127.29,2,2
50.66,9.39,152.57,2,2
40.87,1.3,79.89,2,2
9.58,37.16,10.53,1,0
36.77,7.49,35.64,2,2
3,22,5,0,0
46.93,1.08,176.98,2,2
10,10,11,1,1
38,5,156,2,2
50,7,164,2,2
44.53,2.24,87.89,2,2
34,16,88,1,1
42,0,153,2,2
-1,0,0,0,0
42,10,81,2,2
0.3,29.21,8.85,0,0
44,1,73,2,2
8.29,16.78,12.19,1,1
3,12,19,1,1
-1,45,2,0,0
42,6,82,2,2
28.35,7.64,10.87,1,0
18.76,5.2,16.31,1,1
33,16,163,1,1
34,15,102,1,1
35,5,74,2,2
-5.1,14.78,8.48,0,0
48.6,3.36,160.37,2,2
-4.9,27.68,15.24,1,1
4.44,33.11,12.76,1,0
1.85,47.04,9.94,0,0
33.74,10.21,60.01,1,2
25,44,5,0,0
4.09,40.08,1.23,0,0
45,5,107,2,2
15.06,8.12,9.44,0,0
20,26,20,1,1
33,14,54,1,2
4.47,21.58,5.54,0,0
31.32,12.5,134.8,1,2
49.81,1.53,65.03,2,2
45.8,6.3,138.69,2,2
25.54,6.04,17.52,1,1
5.59,5.51,13.51,1,1
-8,48,1,0,0
-2.91,15.05,3.4,0,0
36.86,5.4,135.45,2,2
-8.49,41.97,8.79,0,0
29,12,10,1,0
20.23,26.78,15.19,1,0
43.39,8.76,107.35,2,2
20.13,13.41,18.55,1,0
1,5,15,1,1
35.95,2.73,52.17,2,2
30.58,2.96,150.69,1,1
32.52,11.25,25.57,2,2
48.88,3.71,162.25,2,2
6,5,10,0,0
50,8,98,2,2
24.45,8.01,9.88,0,0
41,5,141,2,2
10.96,37.31,0.01,0,0
20.51,38.82,1.79,0,0
16,9,8,0,0
25,42,4,0,0
15.27,36.89,1.71,0,0
33,3,111,2,1
45,0,90,2,2
21,23,7,0,0
19,17,11,1,1
31.02,8.12,147.75,2,2
3,6,19,1,0
33.74,5.07,39.18,2,1
18.5,45.75,9.6,0,0
35.53,13.93,141.51,1,1
31.84,4.78,50.01,2,2
7,16,6,0,0
13,8,19,1,0
13,12,18,1,1
38.77,5.0,67.19,2,2
-8,46,7,0,0
4.24,2.91,4.2,0,0
35,11,126,1,2
2.89,34.09,10.97,1,1
-1,43,0,0,0
36.6,1.93,87.15,2,2
40,1,176,2,2
21,27,10,1,0
33,8,62,2,2
34.92,10.15,158.25,1,1
-9.11,12.65,15.78,1,0
33.17,17.73,151.71,2,1
-4.29,14.7,14.04,1,1
38.82,2.82,64.46,2,2
17,7,12,1,1
15,18,8,0,0
35,4,111,1,2
3,28,12,1,1
32.82,13.81,159.63,2,2
46.73,0.63,172.45,2,2
44,0,97,2,2
33,19,149,1,2
48,1,139,2,2
21.57,33.59,10.07,1,1
-4.87,24.62,11.69,1,0
49,0,81,2,2
46.12,1.11,171.5,2,2
48.72,6.54,107.82,2,2
45.41,1.87,132.03,2,2
30,4,41,2,2
20.92,15.47,3.7,0,0
18,34,20,1,1
31.48,17.6,32.85,2,1
-3.23,22.3,10.08,1,0
15.03,8.9,3.75,0,0
33,4,167,1,2
49,4,128,2,2
34.94,4.81,65.16,1,1
8.77,10.46,17.64,1,1
31,6,115,2,2
42,0,148,2,2
41.37,2.76,81.75,2,2
-1,16,17,1,1
-4,16,18,1,0
-4.79,24.99,8.32,0,0
22.11,28.35,15.14,1,1
40.43,9.58,129.07,2,2
-10,20,8,0,0
32.98,8.51,153.35,2,1
39.46,7.77,95.06,2,2
3.18,10.42,2.84,0,0
31,10,160,1,2
18,8,17,1,0
30.73,1.09,115.74,2,1
43.96,4.86,31.7,2,2
1.49,6.24,7.97,0,0
16.06,5.16,16.31,1,0
43,8,55,2,2
36.2,6.25,178.71,2,2
39,0,80,2,2
19,12,14,1,0
46,6,175,2,2
22.98,1.21,8.45,0,0
28,6,13,1,0
26,23,18,1,0
26,27,17,1,0
30,5,101,1,2
34.6,11.86,91.46,2,1
6.54,23.68,15.51,1,0
43,9,41,2,2
32.82,3.35,50.39,1,2
3.41,10.94,16.57,1,0
50.75,4.76,70.16,2,2
11.36,45.91,9.65,0,0
10,4,7,0,0
41.36,7.46,46.53,2,2
9.42,4.32,3.67,0,0
35,19,103,1,2
35,19,26,2,1
39,3,180,2,2
37,2,54,2,2
35,14,177,1,2
46.46,0.22,41.89,2,2
1,2,15,1,1
-10,35,19,1,0
50.31,7.06,85.12,2,2
7.02,15.84,6.1,0,0
34,10,147,1,1
46.39,9.42,172.23,2,2
49.84,1.07,39.45,2,2
38.04,5.69,48.56,2,2
31,15,128,2,1
15.44,24.45,6.66,0,0
3.18,8.15,14.54,1,1
10,24,14,1,0
17,9,8,0,0
7,0,11,1,1
11,6,3,0,0
46,7,120,2,2
47,10,129,2,2
49,5,151,2,2
7.59,21.19,19.62,1,1
40.04,5.28,109.5,2,2
18,7,14,1,0
30,6,121,1,1
30,18,85,1,2
2.56,2.78,16.62,1,0
-9.52,21.59,3.39,0,0
31,6,116,2,2
22,26,9,0,0
-3.07,19.79,8.59,0,0
30,21,19,1,1
34,7,143,2,1
30,11,17,1,1
45,3,42,2,2
31.43,16.39,58.95,1,1
49.1,3.69,44.31,2,2
-7.69,33.04,12.24,1,1
27.91,12.46,11.91,1,1
15.73,41.23,0.37,0,0
38.99,7.51,111.37,2,2
-5,27,13,1,0
35,5,48,2,2
12.04,25.09,15.58,1,1
47.34,6.38,157.07,2,2
45,0,89,2,2
0,27,17,1,1
22.17,44.07,7.28,0,0
18,34,12,1,0
32.24,2.89,160.25,2,2
45.26,6.84,109.14,2,2
50.72,7.28,178.6,2,2
-9.36,17.42,13.69,1,0
36.76,5.78,33.95,2,2
41,8,170,2,2
-2,10,2,0,0
36,17,53,2,1
46.32,5.14,126.77,2,2
33,13,43,1,1
38,0,61,2,2
30,1,33,2,2
-3,2,7,0,0
25,25,10,0,0
31.56,4.59,114.84,1,2
10.04,8.31,11.24,1,1
-8,1,7,0,0
13.0,38.81,18.22,1,1
32,7,71,2,1
36,13,26,1,2
16.89,11.66,15.6,1,0
-6.78,28.41,2.0,0,0
9,20,6,0,0
30,13,175,2,1
30,7,82,2,2
33,6,150,1,1
35,7,72,2,1
33,12,82,1,2
30.79,6.61,81.97,1,1
11,25,15,1,0
2,45,0,0,0
32.87,18.09,35.25,2,2
1.37,33.2,19.3,1,1
32,10,172,1,1
30.66,12.55,115.83,2,2
13.02,22.42,2.61,0,0
50,3,161,2,2
-0.16,24.05,17.88,1,0
35.01,3.84,43.3,1,1
-2.58,7.48,7.11,0,0
25.14,25.8,19.48,1,1
30.58,14.11,43.53,1,1
36,10,55,2,2
34.0,16.18,94.1,2,1
36.09,6.76,125.19,2,2
36,3,165,1,2
30,0,176,2,2
8,34,0,0,0
-9,38,20,1,0
9.85,29.97,0.14,0,0
37,10,76,2,2
31.24,12.86,54.07,1,2
22.53,5.93,8.93,0,0
34.39,2.96,28.55,1,1
30.91,10.09,76.65,2,2
48.34,0.9,33.22,2,2
30,8,167,2,2
31,0,161,1,2
30.09,7.34,48.04,1,2
9.73,17.01,18.22,1,1
30,30,18,1,1
36,6,97,2,2
45.3,3.23,40.89,2,2
6.25,35.67,1.39,0,0
-6,37,20,1,0
4.1,13.87,15.59,1,1
41.74,3.6,130.94,2,2
30,13,127,1,1
21.64,33.86,10.74,1,1
33.42,3.61,163.82,1,2
33,11,143,1,1
10,25,18,1,0
-5.69,27.28,18.69,1,0
9.78,35.37,5.96,0,0
31.16,9.22,100.23,1,2
32,5,44,2,1
9.57,27.14,7.83,0,0
44,9,36,2,2
36,5,84,1,1
3.86,21.65,6.53,0,0
43.96,5.48,94.63,2,2
35.75,19.12,46.03,1,2
46,10,37,2,2
37,5,118,2,2
36,19,105,1,1
22.36,10.6,17.74,1,0
20,1,8,0,0
11,11,14,1,0
6.0,32.37,4.09,0,0
26,15,20,1,0
35.93,5.78,164.59,1,2
36,11,62,2,2
31,19,131,1,2
35.83,17.98,69.5,2,1
36,17,63,2,2
32,11,69,2,2
30.96,3.42,40.78,1,2
35.34,6.38,75.8,2,2
32.94,2.8,22.42,2,1
-2.41,18.71,12.28,1,0
36.79,7.66,67.91,2,2
-9,37,10,0,0
39,4,170,2,2
32,16,73,1,2
45,6,136,2,2
35,11,72,2,2
34,4,75,2,2
39.39,5.31,113.3,2,2
50.11,7.07,46.23,2,2
23.8,43.87,9.51,0,0
16,34,1,0,0
42,6,45,2,2
32,0,174,1,2
46,2,120,2,2
36,12,21,1,2
-8.62,36.24,5.85,0,0
2.73,49.81,5.67,0,0
32.76,16.69,174.77,1,1
34.6,2.07,173.58,1,1
12.99,31.64,2.95,0,0
49,1,113,2,2
18,9,13,1,1
35.01,4.34,164.13,1,1
32.5,6.74,40.99,2,1
10.77,5.63,11.49,1,1
25,32,20,1,0
11.23,39.21,13.59,1,1
15,24,15,1,0
3.47,27.89,9.18,0,0
5.14,11.23,3.34,0,0
36,0,145,1,1
10.46,33.71,13.01,1,1
25,6,3,0,0
43.23,7.23,32.31,2,2
17,2,19,1,0
18,38,17,1,1
14,10,9,0,0
-1.93,29.87,6.64,0,0
19,31,10,1,1
39,4,178,2,2
16,35,3,0,0
35,12,84,1,1
47.97,6.76,64.6,2,2
23.36,14.56,11.29,1,0
10,34,3,0,0
30.75,2.69,150.0,1,1
-3,15,16,1,1
6,15,1,0,0
45,9,132,2,2
23,26,6,0,0
45.89,4.42,157.48,2,2
31,2,121,1,1
13,3,7,0,0
7.0,39.42,16.88,1,1
30.57,17.85,31.52,1,2
49,6,36,2,2
19,10,8,0,0
-1,20,1,0,0
23.27,18.24,16.84,1,0
24,1,3,0,0
14,5,10,1,0
5,26,20,1,0
50.29,0.05,59.24,2,2
49.35,6.98,95.03,2,2
10.74,10.81,5.07,0,0
5.62,37.67,9.98,0,0
35,7,81,1,2
28.94,27.93,17.11,1,1
10,1,4,0,0
4,2,20,1,1
3,6,10,0,0
37,10,141,2,2
15,2,5,0,0
3,26,2,0,0
44,1,148,2,2
35,11,149,2,2
7.57,31.6,16.39,1,1
39,7,159,2,2
17,39,15,1,0
-6.37,28.44,2.37,0,0
44,5,127,2,2
36.68,8.6,45.52,2,2
43,2,36,2,2
-10,14,14,1,0
46,4,142,2,2
-9.69,45.25,1.84,0,0
47.85,5.07,96.75,2,2
26,6,18,1,0
25,11,1,0,0
45,10,37,2,2
30.69,7.08,32.87,1,2
8.11,26.41,7.22,0,0
27.74,1.5,18.24,1,0
-7.93,21.31,17.92,1,0
-9.93,46.09,7.68,0,0
17.5,26.97,17.84,1,0
16,27,5,0,0
35,19,55,1,1
34,11,129,2,2
21,38,12,1,1
39.64,2.13,58.27,2,2
31.97,18.74,175.92,1,1
51,2,60,2,2
21.4,29.74,0.5,0,0
36,10,38,2,2
42.82,8.04,148.39,2,2
36.76,6.47,161.69,2,2
24.93,24.94,5.75,0,0
12,38,20,1,0
30.87,17.49,44.46,1,1
44.09,0.3,115.74,2,2
32,3,126,2,2
51,4,137,2,2
50,6,131,2,2
41,3,39,2,2
32.67,14.82,123.58,2,1
34.62,14.77,131.02,1,2
31.06,1.29,143.94,1,1
42.22,5.43,34.19,2,2
7,34,18,1,0
32.71,19.12,22.14,2,2
43,3,39,2,2
3,8,9,0,0
32,7,50,1,2
36,1,144,2,1
7,43,6,0,0
40,3,164,2,2
-5.5,32.33,4.99,0,0
8,8,18,1,1
18,49,7,0,0
24.16,14.49,14.83,1,0
-3,0,0,0,0
43.41,9.34,35.29,2,2
44.07,2.65,59.28,2,2
45,6,131,2,2
30.24,4.97,48.28,2,1
34.48,17.8,24.47,2,2
2.81,5.84,19.31,1,0
-5.2,13.7,1.52,0,0
18,14,17,1,1
30.01,16.76,39.6,2,1
-6,38,19,1,1
23,15,13,1,1
24.43,22.77,16.88,1,1
40.22,9.47,59.42,2,2
7.76,24.93,10.2,1,1
33.62,13.49,172.01,2,1
45,0,65,2,2
31.19,17.92,40.31,2,1
13.86,24.91,9.6,0,0
33,5,120,1,1
-1.8,24.88,7.35,0,0
32.73,9.47,65.25,2,2
35.62,4.3,87.04,2,2
2,10,10,1,1
33,9,96,2,2
7.37,23.17,14.26,1,1
16,35,14,1,0
50.58,2.74,141.85,2,2
5,28,6,0,0
24,39,0,0,0
5.73,32.47,19.93,1,0
44.55,1.69,132.28,2,2
5,35,12,1,0
29.25,7.42,14.96,1,1
-6.16,48.63,5.85,0,0
10,25,18,1,0
41,1,45,2,2
8,29,17,1,1
2,45,5,0,0
30.46,1.93,39.26,1,2
11.82,42.36,0.98,0,0
22.84,1.02,3.84,0,0
32.19,13.07,38.42,2,1
35.94,16.23,65.9,1,1
38,0,69,2,2
40,4,172,2,2
1,20,4,0,0
22,45,2,0,0
33.61,9.58,49.61,2,2
30,0,27,1,1
36,13,76,2,2
32,17,74,1,2
8,38,1,0,0
48,2,143,2,2
-7.18,23.65,8.9,0,0
0,32,0,0,0
39,6,115,2,2
-0.32,30.26,11.06,1,0
34.64,2.59,165.84,2,1
-8.14,10.99,5.86,0,0
10.83,40.71,3.99,0,0
8.4,37.99,4.36,0,0
42,7,65,2,2
9.05,24.11,15.42,1,1
10,18,7,0,0
3.91,24.22,12.1,1,0
39.25,1.28,122.35,2,2
29.89,1.38,13.26,1,1
45.87,4.77,39.45,2,2
15.02,29.45,6.11,0,0
37.8,4.83,163.99,2,2
-6,24,6,0,0
35.62,14.55,89.34,1,1
36,9,120,2,2
21,2,12,1,0
19.03,27.3,13.01,1,0
45,2,160,2,2
36,7,82,2,2
24,33,10,1,1
32,8,25,1,2
14,39,10,0,0
49,5,34,2,2
36,4,167,2,2
34.86,9.95,169.42,2,1
22.85,21.55,16.3,1,0
13.63,22.64,11.41,1,0
47,4,83,2,2
50,5,120,2,2
17,25,5,0,0
36.44,7.79,160.62,2,2
51,8,143,2,2
34,1,27,1,1
22.65,16.61,11.5,1,0
40.5,4.11,82.81,2,2
48,10,173,2,2
17.5,16.53,19.47,1,0
36,5,115,1,2
4.36,3.31,2.18,0,0
47.18,8.42,52.51,2,2
11,5,18,1,0
42.98,5.78,143.06,2,2
35.16,2.9,99.69,2,1
36.99,7.74,120.3,2,2
19,45,8,0,0
8.67,32.54,16.61,1,1
3,28,2,0,0
16.93,11.38,14.79,1,0
32.33,12.52,24.62,1,2
17.73,8.22,17.94,1,1
36,7,21,2,1
14.86,10.1,10.25,1,1
40.09,2.43,77.37,2,2
-2,23,8,0,0
32,1,51,2,2
39.26,4.01,86.97,2,2
10.55,23.64,5.43,0,0
12.75,0.0,4.86,0,0
33.25,8.18,55.53,2,2
33.43,12.57,94.55,2,2
4,14,4,0,0
17,26,14,1,1
37.57,1.74,113.76,2,2
4,8,12,1,0
49,5,77,2,2
30,1,144,1,1
23,30,8,0,0
33.06,5.43,164.9,1,2
51,7,32,2,2
-5.04,23.35,1.31,0,0
37.52,0.39,36.09,2,2
35.77,3.72,90.66,1,2
-2.59,0.64,0.48,0,0
31.91,17.69,124.34,2,1
22,25,18,1,0
16,36,19,1,1
2.77,34.29,9.02,0,0
39,0,110,2,2
33.66,3.32,92.7,2,1
38,3,46,2,2
27.15,12.85,10.38,1,0
12.77,2.32,0.68,0,0
30,20,161,2,2
28,27,17,1,0
19.86,10.22,16.82,1,1
37.71,2.73,80.3,2,2
22.81,20.79,0.01,0,0
42.39,4.42,34.46,2,2
-3,37,19,1,0
32,6,152,2,1
31.62,17.79,158.76,2,2
14.67,0.45,19.88,1,0
42.68,3.61,40.62,2,2
37,8,160,2,2
0,38,5,0,0
46.2,2.26,59.31,2,2
3,40,16,1,1
32,16,61,1,2
1.68,36.36,8.05,0,0
37.58,0.58,153.98,2,2
38,2,153,2,2
42.05,4.88,77.91,2,2
39.18,9.3,167.55,2,2
36.92,3.63,159.07,2,2
45,0,77,2,2
36.04,3.61,134.44,2,2
31.91,11.1,65.13,1,2
35,16,21,2,1
42,2,40,2,2
35,9,52,2,1
48.63,2.68,102.72,2,2
31.43,4.73,179.14,2,1
48,6,99,2,2
17,21,20,1,0
44,2,167,2,2
45,7,42,2,2
50,4,120,2,2
34.35,17.35,137.35,2,2
-6,27,4,0,0
43,0,154,2,2
39,7,174,2,2
0.97,27.65,4.51,0,0
4,20,14,1,1
32.93,0.68,50.28,2,2
24.83,1.79,16.51,1,0
22.38,19.31,7.12,0,0
2,1,14,1,1
-2.51,1.49,12.74,1,0
3.02,32.38,19.1,1,1
48,3,117,2,2
40.93,2.95,167.53,2,2
32,8,114,2,1
10.16,43.81,3.98,0,0
36,17,140,2,1
13.36,4.9,9.75,0,0
4,13,15,1,0
23,2,7,0,0
11.63,11.79,8.35,0,0
7,27,12,1,1
13,17,1,0,0
-8,22,17,1,1
33,13,128,2,2
24.3,9.09,15.19,1,1
2,29,3,0,0
30,20,60,2,2
10.64,32.52,11.21,1,0
33.99,15.31,61.52,2,2
37.0,5.1,73.65,2,2
30,17,127,2,2
43.75,5.97,130.3,2,2
46,10,136,2,2
6,27,16,1,0
13,37,8,0,0
37,7,80,2,2
6,20,19,1,0
19,34,13,1,0
14,20,2,0,0
20.96,44.89,0.31,0,0
-6,11,13,1,0
37,4,137,2,2
34,5,86,2,2
-10,21,15,1,1
44,5,150,2,2
38.72,5.8,30.9,2,2
30.48,8.2,22.96,2,2
36,2,93,2,2
32,16,102,2,2
-0.09,14.22,18.35,1,1
30,15,33,1,2
30.65,6.76,77.95,1,1
15.49,19.83,11.56,1,0
8,17,13,1,1
12.64,31.95,2.22,0,0
5.68,12.26,17.29,1,0
4.36,31.93,8.72,0,0
-6.08,30.8,1.87,0,0
31,20,145,1,2
5,38,4,0,0
14,41,9,0,0
8,4,2,0,0
-3,40,20,1,1
11,45,4,0,0
40,6,97,2,2
28.82,19.61,12.79,1,1
34,7,126,1,2
33,20,83,1,1
31.64,15.34,61.68,2,2
-2,45,4,0,0
51,8,31,2,2
-4.5,22.84,2.54,0,0
14.21,47.08,3.39,0,0
23,29,18,1,0
8.36,16.4,13.78,1,0
51,0,31,2,2
-2,5,20,1,0
30.03,13.7,91.59,1,1
32.88,9.19,72.29,2,2
-9,24,0,0,0
-6.26,36.06,11.37,1,0
12,2,17,1,0
10,31,11,1,1
31,13,141,2,1
35.05,19.25,85.68,1,1
32.76,11.17,176.5,1,1
32.03,1.9,79.63,2,2
30.96,8.58,162.86,2,2
30,4,12,1,1
3.65,4.55,14.36,1,0
15.74,34.23,1.59,0,0
33,8,120,2,2
38.29,7.34,59.08,2,2
24.67,23.82,15.29,1,1
-0.24,26.15,7.14,0,0
15.34,3.02,0.44,0,0
1.73,15.04,6.92,0,0
39,2,48,2,2
34.76,13.47,168.17,1,2
3.48,35.39,11.53,1,0
30,4,45,1,1
15,30,12,1,1
22,5,20,1,0
-6.64,2.29,0.58,0,0
23,47,8,0,0
40,3,151,2,2
30.0,26.27,18.63,1,1
-0.74,2.92,2.1,0,0
2.51,27.06,17.72,1,0
33.95,1.77,58.32,2,1
17,22,1,0,0
4,5,17,1,0
18.69,18.42,12.08,1,0
14.33,29.37,10.15,1,0
38.95,3.28,91.45,2,2
46.23,0.89,69.78,2,2
9.57,38.32,10.79,1,1
34,3,139,1,1
44,10,53,2,2
35.58,19.63,77.99,2,1
35.68,19.02,137.98,1,1
32.01,19.79,137.46,2,1
44,7,120,2,2
30,1,33,1,1
12,20,4,0,0
30.1,14.81,158.31,1,2
25.95,38.56,17.85,1,0
45,8,151,2,2
9,38,12,1,1
-4.92,21.78,13.87,1,0
20.66,23.6,15.91,1,1
14,19,20,1,0
19.24,30.22,12.04,1,0
35,0,72,2,2
-6,7,10,1,1
37,4,158,2,2
33.23,18.12,81.35,1,2
4,29,5,0,0
18,16,14,1,1
-0.64,11.47,2.22,0,0
41.09,9.79,65.57,2,2
-9,8,10,1,0
-1,0,10,0,0
21.23,5.28,5.26,0,0
17.02,34.78,2.14,0,0
10.16,48.93,3.45,0,0
-6.27,13.35,14.2,1,1
51,10,79,2,2
-0.61,7.36,0.79,0,0
-0.43,36.52,18.21,1,0
31,4,171,1,2
-8.04,32.06,2.13,0,0
34,5,172,2,2
16,31,16,1,0
10.43,16.22,15.29,1,1
25.52,25.37,14.61,1,0
18.02,20.34,19.37,1,1
48.38,7.58,35.09,2,2
36,12,142,1,1
32.34,11.3,45.13,2,2
-8.07,45.56,0.19,0,0
34,15,104,1,1
32.19,6.76,101.78,2,2
33,5,89,1,1
33,12,153,1,1
6.62,15.95,13.66,1,0
15.73,37.28,19.36,1,0
-9.66,37.58,11.52,1,1
48.32,0.25,170.85,2,2
32.23,12.92,36.82,2,1
-1.74,31.2,5.28,0,0
47.16,4.11,142.36,2,2
-9.13,21.75,2.74,0,0
4,45,6,0,0
46,5,157,2,2
45.31,2.69,140.47,2,2
41.47,8.22,141.48,2,2
27.43,11.95,17.84,1,0
33,18,97,1,2
37,3,119,2,2
30.72,19.84,132.48,2,2
47.55,1.16,56.17,2,2
21.58,49.81,1.38,0,0
36,12,44,2,1
1.76,13.75,2.45,0,0
33.03,0.29,118.23,1,1
21.73,36.49,3.65,0,0
39,0,176,2,2
22.22,37.81,1.83,0,0
33.53,12.28,32.21,2,2
44,4,115,2,2
39,9,178,2,2
1.98,47.89,3.11,0,0
-7,34,7,0,0
29.35,20.23,18.59,1,1
22,41,6,0,0
16.57,0.31,3.51,0,0
33,4,133,2,2
-4.62,0.09,12.59,1,1
36.2,2.52,172.39,2,2
7,18,12,1,1
18.0,12.56,19.7,1,1
22,11,16,1,0
-5.95,4.58,17.35,1,0
21,27,17,1,1
38.33,3.88,106.15,2,2
42,0,41,2,2
-4.3,15.52,3.35,0,0
44,5,177,2,2
-6.25,20.05,10.83,1,0
40.84,9.05,165.61,2,2
34,16,28,1,2
49.13,0.42,68.61,2,2
26.02,36.55,14.55,1,1
-6.48,39.43,6.23,0,0
-10,38,12,1,0
3.63,45.95,4.5,0,0
32,7,101,2,1
46.3,2.5,176.58,2,2
14.03,47.79,5.15,0,0
36,11,38,2,2
14.81,26.61,0.78,0,0
32.19,11.39,49.83,2,1
32,15,41,1,2
5.86,8.46,8.75,0,0
36.58,6.38,93.36,2,2
31,16,70,1,2
39.36,5.28,164.31,2,2
9,32,6,0,0
30.3,13.68,54.57,1,2
47.79,1.07,175.36,2,2
2.64,12.13,6.37,0,0
16.93,32.68,14.33,1,1
47.94,8.57,73.87,2,2
46,0,38,2,2
8,16,5,0,0
8,23,4,0,0
27,31,14,1,0
-4,2,2,0,0
38.53,2.82,46.37,2,2
48,5,122,2,2
34.53,15.45,50.99,2,1
18.06,30.85,16.45,1,0
18,13,6,0,0
-6.18,36.12,14.57,1,0
32.49,5.55,148.93,2,2
49.83,6.54,99.12,2,2
45.75,3.38,75.77,2,2
30.54,13.91,141.17,2,2
5.57,18.74,1.62,0,0
46.31,4.15,115.17,2,2
47,0,50,2,2
33.19,16.32,137.63,2,1
29,23,12,1,0
30,18,122,1,2
32.54,19.68,129.43,1,1
14,1,10,0,0
20.15,1.51,11.79,1,0
31.54,1.7,71.52,1,2
40,6,144,2,2
32,19,57,1,2
-0.21,38.4,10.63,1,1
15,41,6,0,0
9,15,10,1,0
37,6,164,2,2
15,4,5,0,0
19,17,9,0,0
34,7,74,2,1
-2.72,35.58,7.7,0,0
18,2,12,1,1
13.25,2.11,1.23,0,0
16,10,9,0,0
6.52,43.2,9.55,0,0
40,9,173,2,2
15,5,20,1,0
45,5,53,2,2
9.14,23.88,9.09,0,0
47.76,0.74,105.49,2,2
30.78,11.65,28.36,2,1
36,2,113,1,2
19,40,16,1,0
36.47,7.11,135.46,2,2
30,6,122,1,1
1.18,27.79,10.37,1,1
31.92,17.56,32.79,2,1
6.31,14.7,15.19,1,1
24.35,1.59,16.35,1,1
37,8,162,2,2
43,7,49,2,2
-9.33,8.35,14.0,1,0
35.87,9.41,78.09,1,1
30,19,72,2,1
50,1,36,2,2
39,1,75,2,2
13.25,19.22,2.71,0,0
18,8,20,1,1
50,0,77,2,2
-4.48,32.44,3.45,0,0
33.89,4.09,43.64,1,2
35,19,156,1,2
34.24,13.89,168.08,2,1
41.8,2.82,97.61,2,2
24,20,13,1,0
5.59,9.19,5.89,0,0
35.38,1.45,162.91,2,2
15.22,28.8,8.32,0,0
30,8,16,1,1
36,3,75,2,1
14,35,10,1,1
18,10,4,0,0
34,2,27,1,1
7,24,18,1,1
-4.38,1.57,14.24,1,0
34.41,1.67,62.27,2,1
-4,26,16,1,0
43,9,148,2,2
32.03,13.77,148.8,1,1
9.77,26.42,18.75,1,0
5,18,10,1,0
-9.98,19.56,18.58,1,1
35,4,124,1,2
50,0,161,2,2
32.11,13.73,53.64,2,1
47.17,4.83,136.85,2,2
37.93,5.3,123.88,2,2
32.26,17.04,135.91,2,2
7,22,19,1,0
45,0,141,2,2
-2,41,1,0,0
15,21,10,0,0
34.11,14.04,99.91,2,2
34,4,79,2,2
39.64,4.36,132.93,2,2
46.83,2.53,97.81,2,2
24,28,8,0,0
29,2,11,1,0
39,6,143,2,2
2,27,5,0,0
33.39,15.25,146.89,1,2
37,0,108,2,2
44.28,4.95,51.37,2,2
39.66,8.41,153.63,2,2
36,10,44,2,2
36,10,46,2,2
39,1,107,2,2
34.98,4.16,83.61,2,2
-5,15,20,1,1
14.07,3.95,15.68,1,1
33,15,63,2,2
-1.62,16.86,11.22,1,1
-2,26,5,0,0
-0.8,28.49,12.3,1,1
-1.23,22.33,14.23,1,1
45.58,9.65,32.98,2,2
-2,20,14,1,0
20,22,10,1,0
42,7,125,2,2
4,14,6,0,0
49,1,42,2,2
38.91,7.29,168.91,2,2
35,3,174,2,2
35.81,6.88,94.76,1,1
33.08,9.22,144.62,1,1
13.13,0.88,13.15,1,0
17,46,2,0,0
38,8,139,2,2
4.53,31.24,0.22,0,0
30.94,6.98,114.45,1,2
-7,9,12,1,0
16,24,8,0,0
20.96,19.11,13.13,1,0
35,15,107,1,2
14,21,13,1,1
38,8,158,2,2
23,39,17,1,1
41.61,7.92,58.87,2,2
50,4,157,2,2
0,9,9,0,0
-3,42,1,0,0
38.71,8.06,152.29,2,2
32.98,2.28,139.1,1,2
30.48,3.72,128.26,2,2
38.71,5.02,53.71,2,2
38.97,3.81,168.02,2,2
31.14,17.13,118.46,1,2
36.26,3.96,134.8,2,2
2.95,16.23,0.57,0,0
49,5,34,2,2
38,2,172,2,2
34.53,15.02,71.98,2,2
32.58,5.46,81.82,2,2
9,27,19,1,0
19.61,11.3,8.89,0,0
47,10,161,2,2
20.07,30.35,17.01,1,1
18,37,20,1,1
14.64,35.44,3.04,0,0
15,17,7,0,0
33,0,109,2,2
25,5,8,0,0
33,20,160,2,1
24,14,17,1,1
48,9,76,2,2
30,26,19,1,1
17.27,25.38,11.36,1,0
10,9,2,0,0
-5,21,10,1,0
7.76,29.67,6.44,0,0
34,2,100,2,2
32.03,6.93,134.11,1,2
23.09,2.18,2.57,0,0
32,12,36,2,2
39.57,0.44,39.18,2,2
39.51,4.0,55.78,2,2
32,5,53,1,2
49,9,58,2,2
-5,0,1,0,0
28,7,10,1,0
6.02,5.79,9.94,0,0
48.54,8.52,112.54,2,2
-4,25,3,0,0
48,5,131,2,2
41,3,153,2,2
22,17,2,0,0
46,10,179,2,2
51,5,80,2,2
30.85,8.93,81.23,2,1
32.97,5.35,134.68,1,2
25.21,38.27,15.12,1,0
33.12,0.6,108.96,1,2
-5.21,17.11,5.0,0,0
39.81,5.34,34.38,2,2
28.45,17.48,17.13,1,0
-7,14,5,0,0
28,34,12,1,1
15.1,25.3,5.04,0,0
13,34,13,1,1
20,7,9,0,0
47,5,176,2,2
38,6,127,2,2
37,9,53,2,2
46,2,129,2,2
34.46,5.37,95.59,2,2
4.23,31.15,8.3,0,0
1.55,9.78,8.96,0,0
34.03,5.31,173.48,1,1
30.37,18.63,23.16,2,2
49.71,4.06,154.9,2,2
21.05,7.46,5.37,0,0
7.35,14.9,15.27,1,0
41.04,6.15,136.94,2,2
9.86,3.2,13.3,1,1
19,35,18,1,1
32,15,97,1,2
50.7,9.75,176.32,2,2
10.54,4.51,15.46,1,0
-6,39,2,0,0
33.9,13.14,38.07,2,1
43,10,142,2,2
31.35,11.33,68.37,2,2
-8.17,28.56,6.5,0,0
33,1,176,2,1
49,3,141,2,2
41.62,3.32,49.6,2,2
15.65,23.85,1.56,0,0
38,0,156,2,2
3,34,12,1,1
32,16,111,2,2
-8,4,11,1,1
34.22,2.82,25.32,1,2
-6.52,21.7,13.94,1,1
17,23,1,0,0
12,4,7,0,0
39.93,3.22,129.93,2,2
24,20,6,0,0
49.95,9.44,98.81,2,2
19.52,13.39,2.66,0,0
-7.96,16.05,11.43,1,0
41,3,180,2,2
36,5,27,2,1
46,7,172,2,2
13,31,5,0,0
35.5,18.25,121.68,2,1
26,17,19,1,0
20.85,6.23,18.29,1,1
2,21,20,1,0
37,8,168,2,2
5,29,6,0,0
35.68,8.1,155.01,1,1
50,2,46,2,2
45,7,51,2,2
35,12,127,2,2
3,18,4,0,0
31.74,17.99,141.17,2,1
48.37,2.73,141.03,2,2
3,20,9,0,0
9,24,18,1,1
50.71,0.39,113.76,2,2
-7,21,2,0,0
12.05,37.05,7.63,0,0
24.45,16.08,14.75,1,1
38,9,47,2,2
42.63,0.77,64.2,2,2
51,7,162,2,2
35.43,19.55,109.09,1,2
31,18,52,2,2
44,5,35,2,2
33.2,15.39,172.65,2,1
34.83,18.91,29.12,2,2
-4.24,35.85,10.51,1,1
25,18,8,0,0
46,3,38,2,2
-8.56,24.89,9.26,0,0
49,4,174,2,2
-6.98,4.15,18.94,1,0
42.38,1.36,163.38,2,2
47.59,2.71,179.48,2,2
30.0,12.76,24.73,2,1
50,10,61,2,2
12.7,16.26,12.64,1,1
37,5,155,2,2
48.76,6.73,37.91,2,2
39.25,5.49,77.04,2,2
22.49,3.39,5.3,0,0
3,10,9,0,0
17,14,10,1,1
42,2,47,2,2
33.14,8.71,31.76,2,2
47.11,8.04,149.59,2,2
47,9,168,2,2
-0.0,26.95,8.08,0,0
24.82,40.21,1.99,0,0
32,11,68,2,2
31,10,79,1,1
39.05,2.55,154.12,2,2
12.64,8.51,18.22,1,0
34,12,108,1,1
4,31,3,0,0
16.63,8.07,7.95,0,0
40,6,47,2,2
-7,26,11,1,0
-2,26,2,0,0
6,0,20,1,1
31,0,106,1,2
-5,39,10,0,0
22.13,14.6,0.46,0,0
49.15,3.28,62.16,2,2
15.0,43.73,3.89,0,0
-4,42,3,0,0
17.88,49.46,9.23,0,0
42.74,4.11,129.26,2,2
-7,15,18,1,0
36,7,131,2,1
18,16,17,1,1
23,24,3,0,0
20.5,1.81,12.56,1,1
40,6,65,2,2
32.8,19.74,133.67,1,1
32,19,92,2,2
19.53,34.6,1.93,0,0
20,24,4,0,0
15.17,17.02,17.01,1,0
35.57,1.42,178.11,2,2
1,12,11,1,0
-7,46,5,0,0
-6,13,8,0,0
43.88,3.02,46.38,2,2
17.25,39.76,10.09,1,1
-5,25,9,0,0
20,3,9,0,0
15,38,2,0,0
45.74,4.85,146.96,2,2
32.73,9.18,150.1,2,1
-6.08,40.6,3.53,0,0
30,1,118,2,1
38,9,169,2,2
29,0,17,1,0
17.05,33.13,2.58,0,0
45,6,31,2,2
-2,33,16,1,0
40.72,6.36,58.91,2,2
35.69,4.48,158.11,1,2
9,16,1,0,0
39.27,7.26,83.51,2,2
33,8,58,2,1
5.38,28.27,1.97,0,0
39,0,134,2,2
42,7,75,2,2
4.55,15.51,1.41,0,0
1.57,28.37,7.53,0,0
-9,34,20,1,1
36,1,80,2,2
35,12,68,1,2
34,0,125,2,1
1,42,6,0,0
30.98,2.2,25.51,2,1
38,7,109,2,2
42.64,0.61,154.4,2,2
37,2,49,2,2
36,9,42,1,1
15.88,45.82,7.63,0,0
39.61,2.54,108.61,2,2
-2.79,41.2,4.99,0,0
9,40,7,0,0
35,4,180,2,1
10.11,13.4,16.21,1,1
34.26,1.39,87.94,1,2
6,23,1,0,0
7,26,5,0,0
0,5,4,0,0
34.18,14.15,155.52,2,2
17.92,10.65,8.09,0,0
16.2,43.72,3.99,0,0
7,37,13,1,1
-6,9,18,1,1
35.18,19.9,158.75,2,2
41.7,7.73,45.95,2,2
8,31,10,1,1
-10,12,12,1,1
19.94,6.22,6.38,0,0
13.26,31.25,16.2,1,0
10,37,9,0,0
5.88,35.38,13.99,1,0
49.54,1.59,135.5,2,2
10.31,16.09,14.4,1,0
27.59,8.35,15.37,1,0
32.36,15.67,161.52,2,2
47.62,8.32,121.09,2,2
15.52,38.73,4.21,0,0
-3.67,20.35,12.97,1,1
37,1,160,2,2
38.53,0.96,179.71,2,2
29,26,12,1,0
30,3,159,2,2
35,5,33,1,1
32.15,17.5,119.71,2,2
-8,27,7,0,0
-8,27,6,0,0
33,11,118,1,2
49,1,82,2,2
36.97,3.31,87.69,2,2
-9,29,2,0,0
30,7,173,2,1
-7.59,10.48,15.39,1,0
19,4,20,1,1
-10,14,2,0,0
6.25,13.68,14.68,1,0
29.42,16.93,13.55,1,0
31.54,12.62,80.61,2,2
13.59,7.04,3.83,0,0
23,41,1,0,0
5,38,7,0,0
-7,21,16,1,0
43.04,1.51,68.04,2,2
19.47,19.18,0.19,0,0
32,15,164,2,1
38,5,166,2,2
35.06,9.97,152.38,2,2
-1.02,7.33,0.98,0,0
45.45,0.33,83.66,2,2
4.62,25.18,17.45,1,1
37,8,35,2,2
38,6,164,2,2
32,2,176,1,1
30.41,13.04,92.95,1,2
7,0,14,1,1
41,9,127,2,2
30.73,16.2,160.66,2,2
38.21,6.78,47.18,2,2
-5.54,33.33,3.06,0,0
37,9,36,2,2
30,6,27,2,1
7,9,0,0,0
40,5,112,2,2
-5.15,34.67,14.98,1,0
-10,6,5,0,0
10,19,3,0,0
32.52,15.81,82.66,1,2
31,3,141,1,2
31,5,60,1,2
12.23,38.54,2.44,0,0
30.66,7.0,85.55,1,2
20,14,20,1,1
29.85,28.79,11.07,1,1
21.81,0.67,3.67,0,0
3,33,10,0,0
30,20,168,1,2
16.97,26.2,10.44,1,0
7,1,3,0,0
35,2,30,1,1
-1.06,11.34,3.15,0,0
33,12,72,1,1
14.54,35.58,2.91,0,0
25,9,17,1,0
31,16,84,1,2
37.75,1.36,51.51,2,2
0.54,35.16,6.6,0,0
30.15,5.6,119.8,1,1
28,30,12,1,1
13.51,22.68,12.9,1,1
13.75,7.25,9.0,0,0
-6,4,9,0,0
42.03,1.04,110.78,2,2
42,6,41,2,2
49.41,8.8,154.38,2,2
48,2,85,2,2
11,39,3,0,0
42.91,8.15,135.42,2,2
3,36,5,0,0
50.62,5.14,179.64,2,2
30.51,6.45,126.0,2,2
31,18,50,2,1
37.31,7.95,124.32,2,2
9,20,2,0,0
3,21,2,0,0
45.09,0.83,152.64,2,2
30.9,16.68,51.03,1,1
36.35,8.17,90.22,2,2
47,10,117,2,2
8.3,35.48,9.87,0,0
23.94,11.61,8.1,0,0
2,32,10,0,0
20.31,39.65,18.42,1,0
33,4,62,1,2
34,18,120,1,1
-2,0,14,1,0
28,36,13,1,1
5,17,20,1,1
23.94,31.44,17.63,1,0
31,12,113,1,1
-8.21,4.92,13.53,1,0
43,1,51,2,2
-7,46,8,0,0
32,15,85,1,2
4,12,10,1,0
21.88,33.09,3.26,0,0
46.96,3.87,50.24,2,2
7.65,46.24,9.33,0,0
46.15,3.85,45.37,2,2
34.88,11.57,134.76,2,1
33.26,14.33,139.52,1,2
31,19,174,1,2
23,22,13,1,0
18.83,19.44,6.21,0,0
5,21,10,0,0
37.95,1.29,164.74,2,2
28.09,32.06,17.43,1,0
2,39,5,0,0
36,14,177,1,2
50,8,163,2,2
2,6,2,0,0
24.97,45.54,9.16,0,0
36,7,97,2,2
4.54,23.68,9.39,0,0
33.26,4.96,111.9,2,1
45,2,102,2,2
6,18,19,1,0
17,35,6,0,0
-0.45,29.13,17.68,1,0
17,7,2,0,0
-10,19,14,1,1
-10,34,1,0,0
-2,18,12,1,0
20.27,26.51,19.83,1,0
33.8,10.03,59.69,2,2
31.46,6.97,103.17,2,1
-0.2,46.64,4.1,0,0
-6.52,43.66,1.7,0,0
33,19,126,1,2
25,17,20,1,0
35.64,8.16,35.53,1,2
20,34,0,0,0
27,5,11,1,1
35,10,165,2,2
49.95,5.58,155.07,2,2
21.86,26.14,3.38,0,0
47.67,9.85,58.82,2,2
33,14,175,2,2
22,30,18,1,0
25.17,5.79,19.78,1,1
-6.97,18.53,11.8,1,1
12.83,46.68,5.24,0,0
7.89,9.06,18.28,1,0
32,3,50,2,1
28.33,0.49,17.72,1,0
5,14,2,0,0
28,25,14,1,1
4,35,0,0,0
35.27,0.58,47.06,2,1
4,3,15,1,1
9.09,2.87,18.03,1,1
36,13,21,2,2
37.86,5.61,114.79,2,2
32,3,124,1,1
43,3,157,2,2
-7,11,14,1,0
43,10,129,2,2
33,4,178,2,1
32.63,10.24,83.77,1,2
-4.19,26.21,13.16,1,1
46.66,9.8,61.13,2,2
37.01,2.77,80.12,2,2
36,7,119,1,1
18.53,42.03,2.13,0,0
49,2,108,2,2
41,9,95,2,2
15.65,28.58,15.32,1,1
10.54,14.18,7.99,0,0
48.14,6.8,67.82,2,2
46.39,0.02,33.61,2,2
-7.43,27.92,3.04,0,0
37.91,2.9,82.26,2,2
43.75,3.41,102.33,2,2
45.85,8.95,106.77,2,2
44,10,88,2,2
9,7,18,1,1
2.28,24.26,6.35,0,0
35.39,2.77,50.82,1,2
17.64,34.26,1.7,0,0
-3.66,47.3,6.29,0,0
-5.6,4.61,2.07,0,0
27,32,18,1,1
11.94,39.56,17.07,1,1
35.87,4.55,32.75,1,2
30.4,4.86,52.72,1,2
31.1,3.86,31.34,2,1
2.73,4.25,2.0,0,0
30.06,0.54,105.14,1,1
1,23,15,1,0
33.11,10.1,27.9,2,2
11,1,14,1,0
36,6,59,2,2
22,24,9,0,0
10,34,4,0,0
40.56,1.65,84.83,2,2
31.49,1.9,135.56,2,2
9.37,28.99,4.55,0,0
-2.54,24.61,10.77,1,0
17,4,5,0,0
32.12,2.38,115.34,1,1
37.07,1.15,95.87,2,2
-6.28,14.14,14.78,1,0
12,3,14,1,1
49.15,4.44,143.17,2,2
18.84,25.43,1.55,0,0
26.58,23.59,17.46,1,0
31,17,135,1,1
20.51,2.15,4.99,0,0
25,28,16,1,1
-1,9,19,1,0
20.01,14.02,8.19,0,0
5,30,19,1,0
49.38,0.62,158.45,2,2
19.46,6.33,11.5,1,0
49,8,107,2,2
22.04,9.38,12.64,1,0
34.41,7.65,158.54,2,1
45,7,172,2,2
28.43,29.95,17.96,1,0
22,30,7,0,0
21.02,29.05,3.93,0,0
43,7,63,2,2
11.13,10.42,10.74,1,1
42,1,63,2,2
8,3,10,0,0
27.09,0.8,17.95,1,1
36,12,65,2,1
49.66,8.73,32.23,2,2
36,3,160,2,2
27.03,8.03,13.02,1,1
5.54,19.52,6.79,0,0
47.41,4.47,119.3,2,2
8.76,40.35,1.85,0,0
26,36,20,1,0
29,32,17,1,0
32.4,11.12,141.26,2,1
14.17,5.58,9.24,0,0
-3,1,19,1,1
26.54,2.31,19.99,1,0
12,25,20,1,0
22,31,20,1,0
40.51,2.88,169.12,2,2
36,0,178,2,2
46.23,0.99,172.24,2,2
30.4,4.06,75.21,1,2
46,6,147,2,2
34,5,165,1,1
30,10,93,2,2
14,18,11,1,1
35,13,71,1,2
28,2,19,1,1
3.26,16.45,18.29,1,1
31.87,19.94,100.85,1,1
40.23,1.03,61.38,2,2
32,0,37,2,1
27,37,20,1,0
40,4,179,2,2
42,0,90,2,2
24,27,13,1,0
24.88,8.47,4.75,0,0
-4.87,49.36,6.85,0,0
51,7,116,2,2
49.82,1.2,103.62,2,2
45.15,4.85,128.11,2,2
38,4,121,2,2
44.23,0.24,64.09,2,2
38,5,103,2,2
30.41,19.05,166.44,2,1
41,2,107,2,2
30.06,7.98,101.93,2,2
36,5,96,1,1
50.6,1.9,126.0,2,2
6,5,7,0,0
-10,37,17,1,0
35.53,16.08,118.84,1,1
-5.25,26.26,11.53,1,0
0.48,26.96,9.25,0,0
42.69,0.71,50.27,2,2
34,4,20,1,2
41,9,114,2,2
24,13,18,1,1
31.06,15.32,47.94,1,2
48,4,37,2,2
34,0,80,1,2
33.12,6.08,53.38,2,2
-7.64,35.06,16.94,1,1
33.57,9.78,141.08,2,1
8.18,14.79,13.07,1,0
33,2,180,1,2
26.05,16.03,17.27,1,1
3,37,17,1,1
-1.67,20.56,9.11,0,0
4,7,10,1,1
2,46,6,0,0
1.6,11.31,15.56,1,0
6,50,10,0,0
-9.39,28.2,9.54,0,0
22,35,18,1,1
-5,29,18,1,1
34.47,15.22,35.77,1,2
-5.75,4.88,8.35,0,0
49,4,167,2,2
14,15,10,0,0
35.03,3.98,22.85,2,2
20,47,8,0,0
32.82,10.63,177.63,1,2
16,28,15,1,1
27.4,7.21,19.21,1,1
1,29,4,0,0
27,15,16,1,1
11,11,14,1,1
48,2,82,2,2
29.94,24.33,10.75,1,0
-8.8,41.88,7.1,0,0
12.83,2.47,11.09,1,0
32,17,87,2,1
-4,6,16,1,1
30,16,51,2,1
26,27,11,1,1
13.62,40.86,7.55,0,0
17.52,29.58,0.92,0,0
31.68,19.26,173.51,1,2
13.83,32.97,12.21,1,0
0.27,22.4,9.38,0,0
39.16,7.37,148.5,2,2
36,20,93,1,1
42,4,157,2,2
6,11,3,0,0
36.29,3.44,122.51,2,2
16,3,8,0,0
21,23,10,1,0
30,3,89,1,2
-2,33,18,1,1
-6.68,17.89,12.17,1,0
36,6,68,2,2
3,38,8,0,0
30,5,48,2,1
15,20,13,1,1
42,5,152,2,2
34,18,125,1,2
2.62,3.01,2.65,0,0
32.6,11.04,102.84,2,1
2.09,38.58,14.53,1,0
32.41,3.67,83.09,1,2
16.07,39.19,4.84,0,0
11,39,18,1,0
-5,37,16,1,1
46,5,111,2,2
26.27,38.32,19.01,1,0
46.85,8.94,97.37,2,2
15.37,19.79,14.04,1,1
20.34,1.48,18.09,1,1
7.56,45.95,2.38,0,0
32.81,5.57,63.55,2,1
2,25,13,1,0
32.43,11.17,46.24,1,2
35.37,19.92,87.05,2,1
50,2,69,2,2
21.91,11.3,13.3,1,1
31.95,8.21,167.38,1,2
18,26,11,1,1
43,2,137,2,2
31.39,15.23,42.11,1,1
15.78,16.27,15.37,1,0
36,12,97,2,2
5.36,35.14,7.85,0,0
11,35,13,1,1
33.92,9.63,133.22,1,2
24.0,27.16,16.62,1,0
35,5,36,2,2
30,15,18,1,1
50,0,149,2,2
27.88,12.87,13.38,1,0
31.1,5.35,37.45,2,1
18,15,6,0,0
35,11,156,1,2
16,38,15,1,0
43,7,67,2,2
7.62,18.82,19.1,1,0
6,31,6,0,0
29.29,3.75,17.96,1,1
21,0,8,0,0
49.09,5.96,162.72,2,2
25,2,13,1,1
33.63,7.27,120.56,2,2
24,32,4,0,0
42,10,93,2,2
36.84,6.86,55.35,2,2
16.67,25.5,4.47,0,0
12,28,6,0,0
38.18,3.43,139.91,2,2
22.21,36.93,8.59,0,0
3,11,18,1,1
43,3,101,2,2
18.92,3.57,14.32,1,0
1,8,6,0,0
26.39,12.73,13.92,1,1
17,45,7,0,0
23,35,4,0,0
34,14,49,1,2
4.22,24.47,0.71,0,0
-9.42,8.06,15.25,1,0
1,13,16,1,1
1,10,17,1,0
33,20,116,1,1
33,17,31,1,1
0.43,30.85,0.41,0,0
2,29,0,0,0
47,8,173,2,2
31.75,14.88,107.08,2,1
31,8,103,2,1
49,0,59,2,2
13.99,34.44,4.69,0,0
33.1,13.95,66.11,2,1
2,29,5,0,0
0.23,31.21,13.47,1,0
43.36,8.81,116.62,2,2
46,7,153,2,2
47.01,5.06,63.43,2,2
14.61,5.47,8.06,0,0
15.86,29.34,17.64,1,0
39,4,68,2,2
-6.99,17.15,17.16,1,0
8,0,1,0,0
32.22,15.16,144.87,2,2
48,10,50,2,2
-9,14,11,1,0
8,10,12,1,1
35.58,0.48,46.05,2,1
50,2,68,2,2
33.5,17.98,55.2,2,2
-8.78,35.52,9.15,0,0
34.93,17.52,168.84,2,1
17,2,14,1,0
7.72,17.38,12.59,1,0
50,1,167,2,2
31,6,96,2,2
50.43,9.92,37.21,2,2
13.27,41.05,2.35,0,0
12.23,10.3,1.44,0,0
37.57,2.0,90.67,2,2
34,5,93,1,1
20,2,15,1,0
34,12,141,1,2
24,31,2,0,0
11,32,10,1,0
8.79,42.39,4.82,0,0
1,38,7,0,0
4.77,9.16,13.26,1,0
49.72,7.86,35.61,2,2
-7,29,11,1,1
-3,49,8,0,0
25,24,10,0,0
50.63,6.26,114.96,2,2
32.05,12.83,37.63,1,1
31,16,79,1,1
14,34,7,0,0
9,13,11,1,0
-10,16,4,0,0
43.82,9.57,48.33,2,2
43.51,2.09,36.0,2,2
36,2,24,2,2
21.01,4.34,14.83,1,1
35,17,60,1,2
44,6,135,2,2
36,2,127,1,1
47.01,6.23,53.41,2,2
36,9,63,2,2
37.34,1.35,138.67,2,2
3,0,13,1,1
18.27,47.2,9.46,0,0
34.27,12.7,53.12,1,1
36.83,6.92,98.06,2,2
50.17,6.68,148.68,2,2
48,4,165,2,2
12,4,3,0,0
34.97,18.31,90.2,2,2
37.88,7.84,131.26,2,2
44.9,9.14,129.47,2,2
32,10,54,2,1
33.97,16.95,143.04,1,2
16,39,16,1,1
32.44,18.53,154.15,1,2
7,10,11,1,0
16.29,28.2,11.12,1,0
2,25,7,0,0
2.91,6.76,4.47,0,0
-5.33,5.14,2.81,0,0
29,18,12,1,1
12.68,13.76,4.67,0,0
30.37,17.76,155.68,2,1
35.41,2.09,113.87,2,1
-6,27,10,1,1
12,19,10,1,0
-7.31,41.03,9.29,0,0
36,9,92,2,1
15.26,39.09,9.67,0,0
18,30,1,0,0
14.5,21.65,3.63,0,0
42,9,132,2,2
-4,16,11,1,1
35,17,34,2,1
-4,16,12,1,0
45,4,109,2,2
38,1,76,2,2
-7,5,3,0,0
50,3,158,2,2
50.22,0.93,98.35,2,2
31.39,0.37,111.72,1,1
34.88,1.6,162.74,1,2
24.08,27.53,7.99,0,0
11.48,9.09,5.77,0,0
-10,1,17,1,0
26,10,10,1,0
32,6,91,1,1
-4,11,20,1,0
36.14,5.02,148.95,2,2
17,41,7,0,0
45,1,162,2,2
4.04,12.65,6.72,0,0
41,1,141,2,2
45.84,3.68,85.87,2,2
12.9,5.06,3.9,0,0
46,7,128,2,2
36,2,129,2,2
38.55,3.52,62.39,2,2
-6.76,24.26,9.93,0,0
10.55,30.44,4.25,0,0
48,5,161,2,2
46.86,4.88,169.81,2,2
34.93,16.04,142.66,1,2
17,37,11,1,0
-3,37,3,0,0
-1,11,19,1,0
20,23,18,1,1
18.71,16.86,5.51,0,0
30,10,120,2,1
7.71,28.65,3.72,0,0
21,50,9,0,0
-5,5,10,1,1
3.46,39.1,9.57,0,0
30,0,118,1,1
41.09,4.35,75.29,2,2
-8,49,5,0,0
7.29,28.29,15.96,1,1
-3,20,7,0,0
15.49,24.74,1.66,0,0
40,8,138,2,2
2.0,25.23,6.36,0,0
32.07,2.22,156.07,1,1
-4.57,27.57,11.39,1,1
35,12,107,2,1
31.88,5.38,27.66,2,1
-8,11,16,1,0
18.14,24.24,19.93,1,0
5,14,6,0,0
-0.04,46.19,1.64,0,0
31,14,116,2,2
37.33,3.42,120.29,2,2
0,24,18,1,0
35.33,8.55,125.46,2,1
48.42,6.4,151.43,2,2
6.03,32.06,17.82,1,1
41,3,89,2,2
37,1,135,2,2
-5.17,9.97,9.53,0,0
9.16,26.13,10.46,1,0
48.22,5.78,66.46,2,2
14.4,12.79,12.39,1,1
-5.49,45.63,1.27,0,0
41.7,4.84,124.3,2,2
33,19,134,2,1
16.89,19.7,18.34,1,1
39,5,148,2,2
30,20,34,2,1
0.56,13.83,16.9,1,0
36,6,161,2,2
35,0,137,2,1
16.2,9.84,16.38,1,0
-1.22,2.73,6.62,0,0
9.63,26.6,18.93,1,0
35.49,4.41,82.32,2,2
2.48,2.26,17.34,1,1
5.65,49.94,7.29,0,0
6,39,3,0,0
35,14,34,2,2
47.6,4.6,146.22,2,2
33,2,129,1,2
14,4,11,1,1
39.82,9.88,150.59,2,2
40.3,3.58,175.36,2,2
34.96,0.74,128.17,1,1
-10,34,2,0,0
-8.77,9.07,10.28,1,0
11.33,0.94,6.83,0,0
4.54,8.96,0.94,0,0
34,16,84,2,2
39.99,7.54,78.61,2,2
17,49,4,0,0
22.43,29.63,9.09,0,0
11.04,31.22,2.14,0,0
45,3,142,2,2
4.08,38.86,14.56,1,0
-6,20,7,0,0
13,37,15,1,1
34.62,19.03,171.89,2,2
4,38,3,0,0
39,9,106,2,2
43.2,2.94,161.82,2,2
10,11,9,0,0
19.01,26.05,8.62,0,0
11,49,1,0,0
17.59,10.46,12.21,1,0
-8.83,5.22,17.62,1,1
30.04,2.7,34.32,2,2
51,10,45,2,2
34,0,83,2,1
39,7,65,2,2
-0.28,21.51,11.91,1,0
31.96,18.74,60.37,2,2
42,4,90,2,2
2.86,8.69,10.51,1,0
32.14,13.01,134.86,2,2
41,0,59,2,2
49.99,6.64,101.09,2,2
38.66,5.89,115.56,2,2
50.81,7.29,110.62,2,2
23,20,18,1,0
22,18,15,1,0
2,40,0,0,0
45.84,4.92,128.02,2,2
35.68,16.99,81.73,2,1
1,48,10,0,0
12,31,9,0,0
24,31,4,0,0
30.22,13.6,142.95,1,1
32,13,94,2,2
30.94,11.46,49.04,2,1
32,9,74,2,2
35.81,13.0,84.65,1,1
11.62,7.58,5.1,0,0
31.5,7.71,28.29,1,1
35.48,19.08,30.57,2,1
33,13,93,2,1
19,0,0,0,0
32.47,18.86,95.07,1,1
-9,20,19,1,1
35,8,39,1,1
30,17,54,2,2
28.55,14.95,18.33,1,1
13.42,5.81,2.81,0,0
47.25,7.03,163.7,2,2
6,38,18,1,0
16,39,8,0,0
47.9,3.94,40.15,2,2
11.52,33.44,14.37,1,0
21.96,30.15,13.54,1,0
-2,14,3,0,0
32.71,19.71,72.99,2,1
38.81,2.28,179.44,2,2
32.25,9.65,179.62,2,2
-4,27,0,0,0
36.18,7.82,165.48,2,2
18,37,0,0,0
17.02,25.61,6.27,0,0
33.26,19.44,60.66,2,2
29.12,21.32,10.55,1,0
4,28,20,1,1
34.51,6.87,145.92,1,1
13,18,8,0,0
36,20,32,2,2
-4,17,9,0,0
17,3,8,0,0
31,5,22,1,2
-4.9,17.71,12.26,1,0
11,29,6,0,0
4,26,18,1,0
10.8,39.41,0.64,0,0
51,4,180,2,2
34.24,15.14,147.2,2,2
31,3,165,2,2
24.06,20.76,4.97,0,0
11,8,11,1,1
0,4,18,1,0
51,10,79,2,2
43.1,9.87,34.56,2,2
5,17,7,0,0
30.98,3.23,22.86,2,2
3.34,16.37,5.68,0,0
37.28,8.33,140.44,2,2
35,3,25,2,2
-9.37,6.39,8.29,0,0
35,13,32,1,2
32.25,18.21,89.48,1,2
0,11,8,0,0
6.71,8.33,0.43,0,0
22.48,19.37,1.35,0,0
46.02,6.06,52.9,2,2
38,0,89,2,2
48,1,180,2,2
30.45,7.56,55.71,1,2
17.56,44.43,4.43,0,0
-0.6,49.21,1.28,0,0
28.8,27.72,14.72,1,0
46,8,114,2,2
12.97,28.38,19.5,1,0
-5,16,17,1,0
33.08,12.99,124.89,2,1
5,8,6,0,0
-3.25,37.88,2.3,0,0
-5.62,21.54,12.67,1,0
21.21,29.99,0.33,0,0
39.08,4.07,108.94,2,2
50.29,2.35,61.58,2,2
3.46,1.1,18.27,1,1
33,7,116,1,2
23.03,39.49,0.04,0,0
48.47,5.45,137.87,2,2
30.48,8.81,86.49,2,2
31,8,140,1,2
44.35,3.88,34.19,2,2
23.98,7.77,6.58,0,0
45,3,76,2,2
24.93,25.05,12.1,1,1
32,12,108,2,1
35,13,24,2,1
11.55,48.66,1.89,0,0
27.07,8.0,11.3,1,1
31.94,2.93,70.72,1,1
24,50,2,0,0
41,2,160,2,2
31.8,10.03,79.9,1,2
33.8,14.99,172.56,2,2
50,7,114,2,2
31,7,167,1,2
31.49,4.99,162.59,1,2
51,6,81,2,2
33.91,15.37,72.42,2,1
33,3,138,2,1
13,21,10,1,0
31,7,92,2,1
49,0,90,2,2
31.28,0.2,153.76,1,2
46,9,81,2,2
32,4,116,2,1
36.24,1.43,160.21,2,2
21,19,19,1,1
49.9,8.2,97.95,2,2
22,24,13,1,0
9.5,41.83,4.42,0,0
7.92,35.78,6.13,0,0
25,20,4,0,0
35,12,82,1,1
35,9,118,2,1
32.61,5.5,70.27,1,2
33,3,54,1,2
37.95,6.09,104.56,2,2
35,10,152,2,2
1,14,20,1,0
16.0,37.21,2.08,0,0
-3.32,2.02,11.81,1,0
9,7,15,1,1
22,4,9,0,0
18,25,4,0,0
8,2,11,1,0
49.44,2.86,36.67,2,2
13.94,10.77,1.18,0,0
46.24,4.19,140.17,2,2
43,2,121,2,2
31,14,145,2,1
24,7,13,1,1
48.96,4.3,55.89,2,2
35.1,1.72,163.64,2,2
20,36,2,0,0
10.83,22.6,0.64,0,0
36,1,40,1,2
17,18,16,1,0
3.83,16.18,4.96,0,0
35.57,17.33,120.56,2,1
30,17,168,2,1
32.77,11.77,37.65,1,2
36,12,153,1,2
16,6,16,1,1
50.46,5.38,179.52,2,2
32.23,12.16,57.67,2,1
32,19,56,1,2
31,6,99,1,2
8.13,32.88,1.04,0,0
6.12,30.3,11.21,1,1
32,11,104,1,1
24,16,8,0,0
32,3,41,1,2
36.28,3.07,71.77,2,2
30,15,170,2,1
16.69,37.67,6.71,0,0
11.56,14.93,3.83,0,0
49.6,7.63,157.95,2,2
34.17,6.16,136.27,1,2
39,0,103,2,2
19,23,10,0,0
6.16,42.19,0.76,0,0
35.04,12.9,92.59,2,1
-1.18,9.09,11.14,1,1
24.45,49.34,9.73,0,0
8.31,12.89,16.88,1,0
0,17,11,1,1
41,8,72,2,2
33.47,17.07,101.4,2,2
43,6,44,2,2
30,1,69,2,1
35,0,131,2,2
8.67,32.48,12.18,1,1
42.94,7.25,60.73,2,2
34.38,11.24,159.59,1,1
37.41,0.19,140.23,2,2
39,1,156,2,2
40,1,144,2,2
39.24,1.96,153.57,2,2
38,10,150,2,2
49.17,9.26,62.79,2,2
37,4,103,2,2
32,19,83,1,1
-8.11,5.61,15.41,1,0
0,16,10,1,0
18,40,17,1,0
46.21,2.48,137.04,2,2
42.76,5.84,31.19,2,2
-3,35,5,0,0
-9,20,10,1,0
-6,35,12,1,1
34.33,19.15,77.62,2,1
45,2,102,2,2
4.97,10.04,14.92,1,1
47.84,8.97,97.57,2,2
40.37,5.78,156.33,2,2
34,14,28,1,2
37.37,5.8,45.44,2,2
36.65,9.17,57.2,2,2
33,2,152,2,1
28.98,12.87,16.73,1,0
34.4,10.44,78.26,1,2
18,49,9,0,0
48.95,2.64,126.24,2,2
42,7,138,2,2
34,9,47,1,2
6,37,1,0,0
-9,34,18,1,0
-8.33,35.42,2.55,0,0
35.83,3.82,35.0,2,2
3,47,6,0,0
39.22,2.68,53.02,2,2
32.78,2.01,131.09,1,1
46.95,4.09,70.0,2,2
48.68,5.95,42.47,2,2
32.2,3.62,142.53,1,1
-2.37,33.73,1.75,0,0
36,20,134,1,2
-4,6,14,1,0
3,2,5,0,0
36.17,4.66,105.28,2,2
9,10,1,0,0
32.47,13.27,173.34,2,2
0,17,2,0,0
3.52,16.68,1.12,0,0
45.41,4.11,166.44,2,2
40.37,6.64,35.88,2,2
35,14,46,1,2
33.75,2.55,31.48,1,2
36,20,35,1,1
39,3,130,2,2
-3,35,11,1,0
46.84,6.78,71.11,2,2
28.26,13.71,11.08,1,0
6.26,27.98,17.63,1,0
5,47,6,0,0
0,4,6,0,0
24.98,38.29,11.78,1,1
48,10,101,2,2
47,3,131,2,2
18.12,20.92,14.19,1,1
28,26,16,1,1
2.55,1.75,13.11,1,0
39,10,121,2,2
15.21,36.52,18.96,1,0
21.64,38.67,7.38,0,0
-7.77,33.52,13.91,1,1
25.8,27.43,18.45,1,1
18,15,3,0,0
45,10,154,2,2
9,27,10,1,1
3.28,3.15,15.11,1,0
39,2,64,2,2
10,19,15,1,0
42,5,169,2,2
35.96,6.67,93.34,1,2
2,33,1,0,0
11,8,12,1,0
-10,3,7,0,0
30.03,12.14,158.42,1,1
30,34,13,1,0
-8,2,2,0,0
-0.05,2.56,0.34,0,0
-8,31,6,0,0
47,2,132,2,2
-3,37,0,0,0
10.83,14.48,18.38,1,1
13.64,3.79,10.78,1,1
38,2,39,2,2
25,10,20,1,1
-3.55,22.41,4.93,0,0
14.34,8.11,15.32,1,0
14,22,20,1,1
33.16,4.38,45.18,2,1
-4,10,14,1,1
48,9,74,2,2
49.46,1.77,56.12,2,2
4.77,2.61,0.99,0,0
39.31,4.52,172.03,2,2
46.84,8.88,59.04,2,2
30.02,10.24,55.44,2,2
46,3,128,2,2
42.74,1.28,71.24,2,2
33.98,1.4,146.4,2,1
8.97,7.24,14.23,1,1
31.41,4.51,122.56,1,1
40,1,172,2,2
44.5,3.25,179.36,2,2
34.96,18.15,27.58,2,1
43.61,3.04,176.86,2,2
48.93,0.62,73.23,2,2
33,11,114,2,2
35.39,2.33,34.98,2,2
32,8,86,2,1
-2,9,14,1,1
-8,28,1,0,0
49,10,77,2,2
8,12,3,0,0
9,28,13,1,0
-6.01,40.28,1.27,0,0
31.86,6.44,121.64,2,2
16.65,30.09,8.38,0,0
23.86,26.73,7.93,0,0
11.25,26.35,19.55,1,1
33,8,157,1,1
35.18,10.18,118.99,1,2
45,6,96,2,2
3.82,2.98,18.64,1,0
-6.64,17.06,10.68,1,0
33,12,180,1,2
24,34,13,1,1
23,27,18,1,1
0,23,10,0,0
46.03,7.84,95.39,2,2
34.74,14.83,39.8,1,1
15,47,7,0,0
50,7,170,2,2
11.74,3.66,7.17,0,0
25,36,18,1,0
32,15,156,1,1
12,9,9,0,0
50,6,38,2,2
13,41,9,0,0
35,19,135,2,1
50.81,0.16,36.31,2,2
14,46,4,0,0
18.73,27.37,19.82,1,1
5,7,12,1,1
15,34,15,1,1
9.86,4.99,12.75,1,0
46,2,45,2,2
38,5,41,2,2
39,0,85,2,2
37.82,0.55,80.91,2,2
31,2,129,2,1
48.59,6.84,99.26,2,2
47,9,163,2,2
31.01,2.22,102.32,1,1
6,7,16,1,1
45.72,6.75,108.21,2,2
47.0,5.69,162.5,2,2
-2.68,24.54,1.33,0,0
-4,21,11,1,1
41.46,5.86,125.08,2,2
8.69,12.08,3.1,0,0
39,4,139,2,2
33,12,163,2,1
16,36,14,1,1
28.35,27.95,16.73,1,0
-6.55,27.76,19.59,1,1
15,22,13,1,1
33.14,14.69,31.7,1,1
6,13,3,0,0
32,14,94,1,2
19,1,10,1,1
4.83,10.44,2.38,0,0
0,23,10,0,0
13.93,7.03,18.68,1,0
4.49,27.14,16.1,1,0
32,4,84,2,1
2,26,3,0,0
47,4,158,2,2
32.85,13.76,144.19,1,1
4.1,17.26,10.08,1,0
-5.26,13.24,14.62,1,1
43,7,82,2,2
2.76,37.36,16.52,1,1
35,11,94,1,1
50.92,2.91,50.27,2,2
32.27,8.91,44.67,1,2
21.78,9.26,17.42,1,1
7,19,14,1,0
26.97,37.65,18.48,1,0
47,7,94,2,2
44.08,2.13,107.22,2,2
48.92,1.62,33.58,2,2
46.71,9.24,107.6,2,2
37.96,1.88,58.2,2,2
-5,28,6,0,0
31,3,126,1,2
16,3,6,0,0
45.74,6.82,163.47,2,2
25.92,30.92,10.05,1,0
41.81,0.11,35.32,2,2
-10,12,10,0,0
48,0,114,2,2
14,15,2,0,0
-9,45,2,0,0
49.18,5.82,109.0,2,2
5.46,35.85,17.74,1,0
35,14,46,1,1
31,7,59,1,2
10.51,44.65,2.17,0,0
14.64,11.94,14.43,1,1
29,4,10,1,1
31,8,56,1,2
37.43,1.83,43.3,2,2
51,7,160,2,2
48.5,2.65,84.53,2,2
32,7,76,2,1
35.53,13.1,76.71,2,2
45.97,0.13,82.39,2,2
34,20,38,2,2
1.95,37.96,11.38,1,1
45.67,1.14,94.49,2,2
7.41,4.03,4.15,0,0
34,20,123,1,1
31.65,16.52,27.55,1,1
34.15,16.64,175.66,2,1
47.93,1.24,61.55,2,2
-8.8,38.74,2.76,0,0
-9.57,34.9,14.94,1,0
-9,33,13,1,0
0.56,37.53,17.99,1,1
30.68,17.62,63.96,1,2
4,32,11,1,0
33.01,3.08,75.43,1,2
0,45,2,0,0
47.13,9.62,171.32,2,2
25,1,17,1,1
35,14,138,1,1
34,20,34,1,2
2.95,29.41,16.86,1,1
48,1,134,2,2
31,5,54,2,2
20,28,10,0,0
50.12,8.72,83.76,2,2
30.71,3.4,137.34,2,2
30,5,94,1,1
1.47,37.29,0.19,0,0
33,0,170,2,2
7.82,23.56,9.44,0,0
-6.46,25.34,14.16,1,1
32,6,134,2,1
37,5,144,2,2
21,46,4,0,0
15.07,32.39,0.53,0,0
30,16,71,1,2
40.56,5.54,94.49,2,2
17.4,30.58,18.42,1,1
45,3,80,2,2
44,8,36,2,2
45,4,170,2,2
34,9,41,1,2
2,15,15,1,1
30,20,20,2,1
35.34,6.48,139.0,1,1
43,7,108,2,2
-4,28,3,0,0
36.17,9.45,31.35,2,2
-8.43,7.5,19.91,1,0
24,27,6,0,0
32.08,4.09,105.84,2,1
30,0,115,1,1
23,22,15,1,1
20.22,20.66,16.58,1,0
7.57,35.28,11.88,1,1
29,16,15,1,1
0.92,11.51,0.12,0,0
-7,12,17,1,0
12.24,20.83,6.07,0,0
-0.65,13.21,8.27,0,0
33,18,135,2,1
-7,12,14,1,1
1.78,20.09,2.31,0,0
31,20,46,1,2
34.13,1.61,84.64,2,2
2.58,30.84,11.53,1,1
-7,17,0,0,0
45,8,149,2,2
14.08,39.8,5.39,0,0
47,5,69,2,2
8.81,38.42,16.87,1,0
-5,16,14,1,1
35,13,105,1,2
35.89,1.74,98.73,1,2
35.53,10.69,34.73,1,2
44,4,62,2,2
41,0,175,2,2
25,23,1,0,0
28,27,16,1,1
-6.82,22.34,13.61,1,0
33.75,3.18,97.14,2,2
-4.27,31.46,7.51,0,0
44.6,6.64,152.96,2,2
-8.03,28.57,18.04,1,1
1.09,34.54,14.55,1,0
47.96,8.59,161.24,2,2
30.95,2.78,46.74,1,1
-1.69,37.66,16.43,1,1
42,8,142,2,2
29,33,16,1,0
15.73,22.47,17.17,1,1
35,15,86,2,2
35.35,9.73,30.67,1,2
35.43,11.17,76.39,2,2
24,26,15,1,1
31.66,4.68,52.77,2,2
31,13,80,1,2
46.49,3.24,170.07,2,2
46,8,46,2,2
35.63,1.13,142.53,1,1
-8,39,10,0,0
48.98,9.57,145.47,2,2
5,3,13,1,1
16.69,21.31,17.16,1,1
-6.86,38.73,1.4,0,0
6.72,15.19,4.65,0,0
29,1,18,1,1
43.68,6.66,80.79,2,2
23.12,29.01,17.24,1,0
32.89,16.17,157.96,1,1
14,34,2,0,0
3,7,15,1,0
42.88,2.11,117.29,2,2
19.24,3.11,0.26,0,0
31.65,18.16,154.75,1,2
46,0,154,2,2
-6,40,4,0,0
50.4,4.48,125.47,2,2
19.03,29.56,7.85,0,0
15,15,8,0,0
36,20,28,2,2
4.66,6.21,13.52,1,0
44.69,0.9,51.36,2,2
32.46,3.43,129.53,1,2
24.22,15.85,2.08,0,0
24.81,29.91,1.59,0,0
4.51,21.16,3.56,0,0
38.68,2.64,100.4,2,2
36.42,2.51,109.94,2,2
19,38,17,1,0
33,15,78,1,1
34.08,11.55,81.75,1,2
34.59,19.54,106.97,2,2
48.13,9.74,48.37,2,2
10,37,10,1,1
18,34,8,0,0
38,5,166,2,2
48,4,42,2,2
33.51,8.63,42.6,2,1
-0.52,27.15,16.96,1,0
25.15,33.49,17.13,1,0
31.27,16.03,79.33,1,2
31.9,6.07,58.23,1,2
6,25,15,1,1
-5,17,6,0,0
3,15,13,1,1
-10,2,14,1,0
17,43,2,0,0
22.07,12.21,17.4,1,1
47.06,3.18,40.0,2,2
39.9,7.5,143.73,2,2
-5.94,0.69,16.64,1,0
30.55,10.9,156.14,2,2
34.9,17.57,145.64,2,1
33.84,17.76,66.24,1,2
3.49,1.11,16.73,1,0
35,3,93,1,1
4.9,27.09,7.26,0,0
45.31,4.92,156.81,2,2
34.11,11.78,147.21,1,2
34,4,38,1,1
47.89,3.51,77.85,2,2
14.9,12.25,19.7,1,0
43.93,6.77,129.59,2,2
-6.5,24.27,16.78,1,0
19,30,16,1,1
44,4,71,2,2
-5,19,5,0,0
30.37,17.42,81.91,2,2
51,2,164,2,2
21.82,40.25,5.58,0,0
30.42,10.95,130.5,1,2
0.5,12.24,14.57,1,0
38.51,4.31,90.81,2,2
26,9,13,1,1
47.18,7.46,114.61,2,2
-2,4,0,0,0
31.55,8.96,102.18,2,2
28,7,13,1,1
44,8,60,2,2
30.94,7.59,159.14,1,1
44,10,100,2,2
31.98,2.08,95.24,1,2
34,1,82,2,1
36.17,9.79,140.04,2,2
15,16,19,1,1
32,7,72,2,1
18.67,10.81,5.1,0,0
-8,7,8,0,0
5.5,16.6,2.56,0,0
43.33,6.51,59.62,2,2
4.78,26.51,14.38,1,1
12.13,19.37,17.47,1,1
6,24,4,0,0
-10,35,9,0,0
-5.93,18.71,1.75,0,0
47.02,5.06,42.47,2,2
-3,29,0,0,0
20.12,3.08,7.9,0,0
50,10,42,2,2
-3,33,16,1,1
36.32,0.34,89.12,2,2
30.27,15.0,132.88,1,2
47,7,79,2,2
-6.7,15.84,6.35,0,0
36.28,5.34,139.95,2,2
41,5,116,2,2
31,6,93,2,1
35.11,12.96,63.37,1,2
11.4,23.68,13.63,1,0
7.43,34.94,9.08,0,0
34.05,7.21,24.8,1,2
3.67,7.88,8.17,0,0
15,5,13,1,0
40,1,47,2,2
34,14,107,2,2
9,9,3,0,0
33.22,9.79,55.53,1,2
33,14,70,2,1
35.67,9.44,159.36,2,2
34.37,19.61,54.01,2,1
39.09,6.91,147.71,2,2
17.83,11.47,3.67,0,0
44,5,118,2,2
-1.98,16.24,17.91,1,0
6,39,7,0,0
46,5,169,2,2
48,10,161,2,2
-8.44,22.0,10.91,1,0
-6.43,12.95,12.3,1,0
30,17,150,2,2
30.13,5.33,143.89,1,1
